"","fit","se.fit","Year","Seascapenr","Ship","DayNight","uprP","lwrP","uprS","lwrS","ci_width"
"1",-3.64469832307487,0.162163671336672,1977,1,"WAH3","D",-3.32037098040152,-3.96902566574821,-3.08519627201533,-4.2042003741344,1.11900410211907
"2",-3.60647457128415,0.136855980628121,1978,1,"WAH3","D",-3.3327626100279,-3.88018653254039,-3.13428988756281,-4.07865925500548,0.944369367442673
"3",-3.56797110153523,0.116292104627668,1979,1,"WAH3","D",-3.33538689227989,-3.80055531079056,-3.16673653077785,-3.96920567229261,0.802469141514757
"4",-3.52848924878445,0.101483229058215,1980,1,"WAH3","D",-3.32552279066802,-3.73145570690088,-3.17834871275568,-3.87862978481322,0.700281072057543
"5",-3.48674983700622,0.091646517393603,1981,1,"WAH3","D",-3.30345680221902,-3.67004287179343,-3.17054822395981,-3.80295145005263,0.632403226092825
"6",-3.44098782642004,0.0850278307081487,1982,1,"WAH3","D",-3.27093216500374,-3.61104348783633,-3.14762220829966,-3.73435344454041,0.586731236240747
"7",-3.38929823649932,0.0803871786697672,1983,1,"WAH3","D",-3.22852387915979,-3.55007259383886,-3.11194393775971,-3.66665253523894,0.554708597479228
"8",-3.33015941234982,0.0772950203332196,1984,1,"WAH3","D",-3.17556937168338,-3.48474945301626,-3.06347377273243,-3.59684505196721,0.533371279234781
"9",-3.26297158183769,0.0754374606960934,1985,1,"WAH3","D",-3.11209666044551,-3.41384650322988,-3.00269495120715,-3.52324821246823,0.520553261261078
"10",-3.18841680019971,0.0742827278474314,1986,1,"WAH3","D",-3.03985134450485,-3.33698225589457,-2.93212426410728,-3.44470933629214,0.512585072184859
"11",-3.10848935008482,0.0734490939338984,1987,1,"WAH3","D",-2.96159116221703,-3.25538753795262,-2.85507304317868,-3.36190565699096,0.506832613812279
"12",-3.02615180603011,0.0729617771061587,1988,1,"WAH3","D",-2.88022825181779,-3.17207536024243,-2.7744168545249,-3.27788675753532,0.503469903010424
"13",-2.94470365805293,0.0729256066881746,1989,1,"WAH3","D",-2.79885244467658,-3.09055487142928,-2.69309350282844,-3.19631381327743,0.503220310448995
"14",-2.86705713314769,0.0731199639451062,1990,1,"WAH3","D",-2.72081720525748,-3.0132970610379,-2.61477640057997,-3.11933786571541,0.504561465135432
"15",-2.7951562050065,0.0731368823245911,1991,1,"WAH3","D",-2.64888244035732,-2.94142996965569,-2.54281710012923,-3.04749530988378,0.50467820975455
"16",-2.72973094161467,0.0728514657800463,1992,1,"WAH3","D",-2.58402801005458,-2.87543387317476,-2.47837658961554,-2.9810852936138,0.502708703998263
"17",-2.67046314888401,0.0725509631225525,1993,1,"WAH3","D",-2.5253612226389,-2.81556507512911,-2.42014560033062,-2.92078069743739,0.500635097106771
"18",-2.61649136943109,0.0725489422597428,1994,1,"WAH3","D",-2.47139348491161,-2.76158925395058,-2.36618079332029,-2.8668019455419,0.500621152221612
"19",-2.56705766970021,0.0728065870093103,1995,1,"WAH3","D",-2.42144449568159,-2.71267084371883,-2.3158581598064,-2.81825717959402,0.502399019787627
"20",-2.5220427483518,0.0730580728585245,1996,1,"WAH3","D",-2.37592660263475,-2.66815889406884,-2.26997555430106,-2.77410994240253,0.504134388101479
"21",-2.48217272477559,0.073206044832005,1997,1,"WAH3","D",-2.33576063511158,-2.6285848144396,-2.22959499330312,-2.73475045624805,0.505155462944929
"22",-2.44879982988965,0.0734055851555314,1998,1,"WAH3","D",-2.30198865957859,-2.59561100020072,-2.19553363829932,-2.70206602147999,0.506532383180661
"23",-2.42331880930987,0.0737573500223546,1999,1,"WAH3","D",-2.27580410926516,-2.57083350935458,-2.1688389478337,-2.67779867078604,0.508959722952337
"24",-2.40642369240441,0.0741000880896664,2000,1,"WAH3","D",-2.25822351622508,-2.55462386858375,-2.15076130558175,-2.66208607922708,0.511324773645338
"25",-2.3974827788857,0.0742267988266587,2001,1,"WAH3","D",-2.24902918123238,-2.54593637653902,-2.14138321080872,-2.65358234696268,0.512199136153957
"26",-2.39428436212539,0.0742004669435858,2002,1,"WAH3","D",-2.24588342823822,-2.54268529601257,-2.13827564511553,-2.65029307913526,0.512017434019736
"27",-2.39328797922495,0.0742877969610854,2003,1,"WAH3","D",-2.24471238530277,-2.54186357314712,-2.13697795352178,-2.64959800492811,0.512620051406323
"28",-2.3903454171165,0.0745769911045121,2004,1,"WAH3","D",-2.24119143490748,-2.53949939932553,-2.13303760494817,-2.64765322928483,0.514615624336658
"29",-2.38169155464977,0.0748295060471861,2005,1,"WAH3","D",-2.2320325425554,-2.53135056674414,-2.12351250771483,-2.63987060158471,0.516358093869874
"30",-2.36490527018851,0.0748075036014429,2006,1,"WAH3","D",-2.21529026298563,-2.5145202773914,-2.1068021367638,-2.62300840361323,0.51620626684943
"31",-2.33954089436561,0.0746217662883215,2007,1,"WAH3","D",-2.19029736178896,-2.48878442694225,-2.08207859749074,-2.59700319124048,0.514924593749739
"32",-2.30723184804708,0.074596824958787,2008,1,"WAH3","D",-2.15803819812951,-2.45642549796465,-2.04985560450904,-2.56460809158512,0.514752487076084
"33",-2.27123561687271,0.0748206800857771,2009,1,"WAH3","D",-2.12159425670115,-2.42087697704426,-2.01308702153935,-2.52938421220606,0.516297190666706
"34",-2.23556545872603,0.0750318742079371,2010,1,"WAH3","D",-2.08550171031016,-2.38562920714191,-1.97668819498288,-2.49444272246919,0.517754527486306
"35",-2.20397908876368,0.0750351895031646,2011,1,"WAH3","D",-2.05390870975735,-2.35404946777001,-1.94509038648769,-2.46286779103967,0.517777404551982
"36",-2.17912672676979,0.0750269712531166,2012,1,"WAH3","D",-2.02907278426356,-2.32918066927602,-1.92026637935109,-2.43798707418849,0.517720694837407
"37",-2.16209223236531,0.0752939289955573,2013,1,"WAH3","D",-2.0115043743742,-2.31268009035643,-1.90231081919119,-2.42187364553944,0.519562826348252
"38",-2.15241902259827,0.0757056224018771,2014,1,"WAH3","D",-2.00100777779451,-2.30383026740202,-1.89121717226121,-2.41362087293532,0.52240370067411
"39",-2.14854946126641,0.0759631034831402,2015,1,"WAH3","D",-1.99662325430013,-2.30047566823269,-1.88645924183973,-2.41063968069309,0.524180438853361
"40",-2.14848033469621,0.0766869760852818,2016,1,"WAH3","D",-1.99510638252564,-2.30185428686677,-1.88389258791173,-2.41306808148068,0.529175493568953
"41",-2.1503900603879,0.0800561025449776,2017,1,"WAH3","D",-1.99027785529794,-2.31050226547786,-1.87417805060456,-2.42660207017124,0.552424019566681
"42",-2.15303654512887,0.0884949027741272,2018,1,"WAH3","D",-1.97604673958061,-2.33002635067712,-1.84770872908774,-2.45836436117,0.610655632082265
"43",-2.1558341963527,0.102366455186386,2019,1,"WAH3","D",-1.95110128597992,-2.36056710672547,-1.80264632656423,-2.50902206614117,0.706375739576941
"44",-3.23201718616548,0.27060083787637,1977,2,"WAH3","D",-2.69081551041274,-3.77321886191822,-2.29838191161667,-4.16565246071429,1.86727054909762
"45",-3.20867017277383,0.237990405503089,1978,2,"WAH3","D",-2.73268936176765,-3.68465098378,-2.38754840786867,-4.02979193767898,1.64224352981032
"46",-3.1853344720591,0.208706761173784,1979,2,"WAH3","D",-2.76792094971153,-3.60274799440667,-2.46524803109359,-3.9054209130246,1.44017288193101
"47",-3.16198167378621,0.183377319134509,1980,2,"WAH3","D",-2.79522703551719,-3.52873631205523,-2.52928764726441,-3.79467570030801,1.2653880530436
"48",-3.1385056322466,0.16193479413751,1981,2,"WAH3","D",-2.81463604397158,-3.46237522052162,-2.57979326028915,-3.69721800420405,1.1174247439149
"49",-3.11470221747201,0.144018064300442,1982,2,"WAH3","D",-2.82666608887112,-3.40273834607289,-2.61780669394609,-3.61159774099793,0.993791047051845
"50",-3.09026998219143,0.129497056884955,1983,2,"WAH3","D",-2.83127586842152,-3.34926409596134,-2.64347528189828,-3.53706468248458,0.893589400586302
"51",-3.06482442919297,0.118461031426635,1984,2,"WAH3","D",-2.8279023663397,-3.30174649204624,-2.65610656095832,-3.47354229742763,0.817435736469312
"52",-3.03791366069368,0.110753545667421,1985,2,"WAH3","D",-2.81640656935884,-3.25942075202852,-2.65578839519949,-3.42003892618786,0.76425053098837
"53",-3.00902411288811,0.105764349767232,1986,2,"WAH3","D",-2.79749541335365,-3.22055281242257,-2.64411272345065,-3.37393550232557,0.729822778874916
"54",-2.97757243765433,0.102775025462157,1987,2,"WAH3","D",-2.77202238673002,-3.18312248857865,-2.62297490622333,-3.33216996908534,0.709195062862011
"55",-2.94289093581815,0.101306475842534,1988,2,"WAH3","D",-2.74027798413308,-3.14550388750322,-2.59336023913188,-3.29242163250442,0.699061393372543
"56",-2.90422453826516,0.101009310834757,1989,2,"WAH3","D",-2.70220591659565,-3.10624315993468,-2.55571912936366,-3.25272994716667,0.697010817803013
"57",-2.86076195523824,0.101410016648171,1990,2,"WAH3","D",-2.6579419219419,-3.06358198853459,-2.5108740189024,-3.21064989157409,0.699775872671696
"58",-2.81171873165795,0.101985755952611,1991,2,"WAH3","D",-2.60774721975273,-3.01569024356317,-2.45984436199178,-3.16359310132412,0.703748739332334
"59",-2.75647538782988,0.102460126966437,1992,2,"WAH3","D",-2.551555133897,-2.96139564176275,-2.40296432880529,-3.10998644685446,0.707022118049167
"60",-2.69475330665841,0.102877483742718,1993,2,"WAH3","D",-2.48899833917297,-2.90050827414384,-2.3398022705389,-3.04970434277791,0.709902072239012
"61",-2.62679120279598,0.103354196856415,1994,2,"WAH3","D",-2.42008280908315,-2.83349959650881,-2.27019539653356,-2.9833870090584,0.713191612524843
"62",-2.55347330108626,0.103852594522511,1995,2,"WAH3","D",-2.34576811204124,-2.76117849013128,-2.19515790797602,-2.9117886941965,0.716630786220476
"63",-2.47636230735971,0.104263933411134,1996,2,"WAH3","D",-2.26783444053744,-2.68489017418198,-2.11662770025433,-2.83609691446509,0.719469214210766
"64",-2.39760734997432,0.104629879899739,1997,2,"WAH3","D",-2.18834759017484,-2.6068671097738,-2.03661014311855,-2.7586045568301,0.721994413711548
"65",-2.31972580883134,0.105143497068611,1998,2,"WAH3","D",-2.10943881469412,-2.53001280296856,-1.95695650433449,-2.68249511332819,0.725538608993697
"66",-2.24529064736489,0.10590560280389,1999,2,"WAH3","D",-2.03347944175711,-2.45710185297267,-1.87989190238672,-2.61068939234306,0.730797489956344
"67",-2.17658193803966,0.106780008356721,2000,2,"WAH3","D",-1.96302192132622,-2.39014195475311,-1.8081662923202,-2.54499758375913,0.736831291438935
"68",-2.11527428769277,0.107558923801564,2001,2,"WAH3","D",-1.90015644008965,-2.3303921352959,-1.7441712041187,-2.48637737126684,0.742206167148142
"69",-2.06222632908179,0.108205621966848,2002,2,"WAH3","D",-1.84581508514809,-2.27863757301548,-1.68889198774875,-2.43556067041483,0.746668682666082
"70",-2.01741535994555,0.108841617140443,2003,2,"WAH3","D",-1.79973212566467,-2.23509859422644,-1.64188668864232,-2.39294403124879,0.751057342606464
"71",-1.98002588782073,0.109518362188857,2004,2,"WAH3","D",-1.76098916344301,-2.19906261219844,-1.60216229008477,-2.35788948555669,0.755727195471918
"72",-1.9486649401447,0.110119163489213,2005,2,"WAH3","D",-1.72842661316628,-2.16890326712313,-1.56872843941477,-2.32860144087464,0.759873001459873
"73",-1.92164951383744,0.110537891518697,2006,2,"WAH3","D",-1.70057373080004,-2.14272529687483,-1.54026830487291,-2.30303072280197,0.762762417929064
"74",-1.89729968022277,0.110859284709597,2007,2,"WAH3","D",-1.67558111080358,-2.11901824964197,-1.51480959065617,-2.27978976978937,0.764980179133201
"75",-1.87417692455877,0.111246209632358,2008,2,"WAH3","D",-1.65168450529405,-2.09666934382348,-1.4903518548076,-2.25800199430993,0.767650139502329
"76",-1.8512281669545,0.111671402650101,2009,2,"WAH3","D",-1.62788536165429,-2.0745709722547,-1.46593608326882,-2.23652025064018,0.770584167371361
"77",-1.82782432517984,0.111906979982062,2010,2,"WAH3","D",-1.60401036521571,-2.05163828514396,-1.44171944538927,-2.2139292049704,0.772209759581125
"78",-1.80370938963302,0.111861716022754,2011,2,"WAH3","D",-1.57998595758751,-2.02743282167853,-1.41776068093715,-2.18965809832889,0.771897417391736
"79",-1.77889425715696,0.111858940670167,2012,2,"WAH3","D",-1.55517637581663,-2.00261213849729,-1.39295512406734,-2.16483339024658,0.771878266179236
"80",-1.75353508190728,0.112502930455045,2013,2,"WAH3","D",-1.52852922099718,-1.97854094281737,-1.36537403559547,-2.14169612821908,0.776322092623604
"81",-1.72782921733713,0.114370215593805,2014,2,"WAH3","D",-1.49908878614952,-1.95656964852474,-1.33322560681574,-2.12243282785852,0.789207221042781
"82",-1.70194732015708,0.118092510222212,2015,2,"WAH3","D",-1.46576229971265,-1.9381323406015,-1.29450093503596,-2.1093937052782,0.814892770242238
"83",-1.67600411030465,0.124806037093675,2016,2,"WAH3","D",-1.4263920361173,-1.925616184492,-1.24539450975146,-2.10661371085784,0.861219201106382
"84",-1.65005833750394,0.136087298109447,2017,2,"WAH3","D",-1.37788374128505,-1.92223293372283,-1.18052578568284,-2.11959088932504,0.939065103642196
"85",-1.62412788722358,0.152912064650429,2018,2,"WAH3","D",-1.31830375792272,-1.92995201652444,-1.09654601208189,-2.15170976236528,1.05516375028339
"86",-1.59820848541846,0.174761197655355,2019,2,"WAH3","D",-1.24868609010775,-1.94773088072917,-0.995242064346321,-2.2011749064906,1.20593284214427
"87",-3.82055190332328,0.158460574224319,1977,3,"WAH3","D",-3.50363075487464,-4.13747305177191,-3.27382639100732,-4.36727741563923,1.0934510246319
"88",-3.77869938308814,0.123393073422408,1978,3,"WAH3","D",-3.53191323624332,-4.02548552993295,-3.35296483294316,-4.20443393323312,0.851469100289963
"89",-3.73875498127572,0.0984234926327344,1979,3,"WAH3","D",-3.54190799601025,-3.93560196654119,-3.39917124130149,-4.07833872124994,0.679167479948445
"90",-3.70184642398968,0.0863120329771492,1980,3,"WAH3","D",-3.52922235803538,-3.87447048994398,-3.40405001198336,-3.999642835996,0.59559282401264
"91",-3.66693712293065,0.0828285645139212,1981,3,"WAH3","D",-3.5012799939028,-3.83259425195849,-3.3811594801956,-3.9527147656657,0.571555285470103
"92",-3.63029488443624,0.0814452908022839,1982,3,"WAH3","D",-3.46740430283167,-3.79318546604081,-3.349289854904,-3.91129991396848,0.562010059064479
"93",-3.58628688456292,0.0796722087163473,1983,3,"WAH3","D",-3.42694246713022,-3.74563130199561,-3.31139939699061,-3.86117437213523,0.549774975144619
"94",-3.52923803520074,0.078285353290984,1984,3,"WAH3","D",-3.37266732861877,-3.6858087417827,-3.25913551856931,-3.79934055183216,0.540205033262842
"95",-3.45571694800936,0.0779016928002201,1985,3,"WAH3","D",-3.29991356240892,-3.6115203336098,-3.18693814851954,-3.72449574749919,0.537557598979644
"96",-3.36642808227223,0.0777172548696584,1986,3,"WAH3","D",-3.21099357253292,-3.52186259201155,-3.09828563616287,-3.6345705283816,0.53628489221873
"97",-3.26697466390415,0.0769063507952055,1987,3,"WAH3","D",-3.11316196231374,-3.42078736549456,-3.00163002379615,-3.53231930401215,0.530689280216002
"98",-3.16709983637319,0.0758024416973048,1988,3,"WAH3","D",-3.01549495297858,-3.3187047197678,-2.90556393714635,-3.42863573560004,0.523071798453685
"99",-3.07850596914917,0.0752333451446184,1989,3,"WAH3","D",-2.92803927885993,-3.22897265943841,-2.81893358422768,-3.33807835407065,0.51914476984297
"100",-3.01183176374546,0.0752522583141532,1990,3,"WAH3","D",-2.86132724711716,-3.16233628037377,-2.75219412402887,-3.27146940346205,0.519275279433182
"101",-2.97367232106771,0.0751905643725238,1991,3,"WAH3","D",-2.82329119232266,-3.12405344981276,-2.71424753967256,-3.23309710246286,0.518849562790298
"102",-2.96455351789557,0.0748035579399152,1992,3,"WAH3","D",-2.81494640201574,-3.1141606337754,-2.70646399791275,-3.22264303787839,0.516179039965636
"103",-2.97850595155094,0.0746704802631014,1993,3,"WAH3","D",-2.82916499102473,-3.12784691207714,-2.72087558023264,-3.23613632286924,0.5152607426366
"104",-3.00440899191701,0.0752789246858641,1994,3,"WAH3","D",-2.85385114254529,-3.15496684128874,-2.7446793470704,-3.26413863676363,0.51945928969323
"105",-3.02874400204793,0.0761945720236047,1995,3,"WAH3","D",-2.87635485800072,-3.18113314609514,-2.76585516279426,-3.29163284130159,0.525777678507326
"106",-3.03897669680078,0.0766069797504302,1996,3,"WAH3","D",-2.88576273729992,-3.19219065630164,-2.77466495581377,-3.3032884377878,0.528623481974029
"107",-3.02661239943683,0.0764116702017901,1997,3,"WAH3","D",-2.87378905903325,-3.17943573984041,-2.76297452141897,-3.29025027745469,0.527275756035723
"108",-2.98908459499313,0.0762742781895886,1998,3,"WAH3","D",-2.83653603861395,-3.1416331513723,-2.72592075109149,-3.25224843889476,0.526327687803272
"109",-2.93000201530018,0.0766158298605954,1999,3,"WAH3","D",-2.77677035557898,-3.08323367502137,-2.6656597393928,-3.19434429120755,0.528684551814749
"110",-2.85777088062653,0.0769858018082722,2000,3,"WAH3","D",-2.70379927700999,-3.01174248424308,-2.59215211620695,-3.12338964504612,0.531237528839176
"111",-2.78307057798217,0.0767799999787284,2001,3,"WAH3","D",-2.62951057802471,-2.93663057793962,-2.51816187731972,-3.04797927864461,0.529817401324888
"112",-2.71595396565385,0.0762365921257828,2002,3,"WAH3","D",-2.56348078140228,-2.86842714990541,-2.45292014736042,-2.97898778394727,0.526067636586846
"113",-2.66338963644252,0.0762273233216059,2003,3,"WAH3","D",-2.51093498979931,-2.81584428308573,-2.40038779766032,-2.92639147522471,0.526003677564395
"114",-2.62786710297491,0.0770149715268603,2004,3,"WAH3","D",-2.47383715992119,-2.78189704602863,-2.36214769630145,-2.89358650964836,0.531438813346912
"115",-2.60732649525675,0.0777494020646231,2005,3,"WAH3","D",-2.4518276911275,-2.762825299386,-2.3390731339136,-2.87557985659991,0.53650672268631
"116",-2.5962754922368,0.0775435412379207,2006,3,"WAH3","D",-2.44118840976095,-2.75136257471264,-2.32873239820458,-2.86381858626901,0.535086188064426
"117",-2.58764199244185,0.0766421690281019,2007,3,"WAH3","D",-2.43435765438564,-2.74092633049805,-2.32320884033439,-2.85207514454931,0.528866304214921
"118",-2.57476627539498,0.0761333528942927,2008,3,"WAH3","D",-2.42249956960639,-2.72703298118357,-2.3120886562508,-2.83744389453916,0.525355238288356
"119",-2.55298327847857,0.0765367540563943,2009,3,"WAH3","D",-2.39990977036578,-2.70605678659136,-2.2889138323257,-2.81705272463145,0.528138892305748
"120",-2.52044349436399,0.0772387582300891,2010,3,"WAH3","D",-2.36596597790381,-2.67492101082416,-2.25395197197297,-2.786935016755,0.532983044782034
"121",-2.47808744798317,0.0776638472948745,2011,3,"WAH3","D",-2.32275975339342,-2.63341514257292,-2.2101292703193,-2.74604562564703,0.535916355327731
"122",-2.42893221949926,0.0783384444475818,2012,3,"WAH3","D",-2.2722553306041,-2.58560910839442,-2.15864652613803,-2.69921791286049,0.540571386722464
"123",-2.37698022806534,0.0800406095489394,2013,3,"WAH3","D",-2.21689900896747,-2.53706144716322,-2.10082167269007,-2.65313878344062,0.552317110750557
"124",-2.32609403826994,0.082075344565771,2014,3,"WAH3","D",-2.1619433491384,-2.49024472740149,-2.04291517800211,-2.60927289853778,0.566357720535672
"125",-2.27911407733166,0.0825508384044248,2015,3,"WAH3","D",-2.11401240052281,-2.44421575414051,-1.9942946537009,-2.56393350096243,0.56963884726153
"126",-2.23737640589317,0.0810073641499515,2016,3,"WAH3","D",-2.07536167759326,-2.39939113419307,-1.95788232427037,-2.51687048751596,0.558988163245595
"127",-2.20066918036524,0.0807986895567832,2017,3,"WAH3","D",-2.03907180125167,-2.36226655947881,-1.92189507419637,-2.47944328653411,0.557548212337734
"128",-2.16758809251122,0.0877685514193924,2018,3,"WAH3","D",-1.99205098967243,-2.34312519535,-1.86476635609578,-2.47040982892666,0.605643472830885
"129",-2.13622489217937,0.104202476206304,2019,3,"WAH3","D",-1.92781993976676,-2.34462984459197,-1.77670232659889,-2.49574745775984,0.719045131160947
"130",-3.42738239321712,0.142112049963904,1977,4,"WAH3","D",-3.14315829328931,-3.71160649314492,-2.93706305856169,-3.91770172787255,0.98063866931086
"131",-3.37396556502323,0.127333095598616,1978,4,"WAH3","D",-3.11929937382599,-3.62863175622046,-2.93463703004405,-3.81329410000241,0.878657069958359
"132",-3.32062278550927,0.114252195446088,1979,4,"WAH3","D",-3.09211839461709,-3.54912717640145,-2.92642637170568,-3.71481919931286,0.788392827607187
"133",-3.26744649721892,0.103181050866609,1980,4,"WAH3","D",-3.0610843954857,-3.47380859895213,-2.91144808453812,-3.62344490989971,0.711996825361595
"134",-3.21452884374621,0.0941239794907266,1981,4,"WAH3","D",-3.02628088476475,-3.40277680272766,-2.88977941531465,-3.53927827217776,0.649498856863112
"135",-3.16194664770627,0.0869160471643471,1982,4,"WAH3","D",-2.98811455337757,-3.33577874203496,-2.86206624750567,-3.46182704790686,0.599760800401194
"136",-3.10976428239781,0.0814035358313033,1983,4,"WAH3","D",-2.9469572107352,-3.27257135406042,-2.82890331714158,-3.39062524765404,0.561721930512467
"137",-3.05805242032012,0.0774439740715048,1984,4,"WAH3","D",-2.90316447217712,-3.21294036846313,-2.7908528559661,-3.32525198467415,0.534399128708052
"138",-3.00691590971344,0.0747937013997004,1985,4,"WAH3","D",-2.85732850691404,-3.15650331251284,-2.74886039706667,-3.26497142236021,0.516111025293533
"139",-2.95652105663749,0.0731056240875039,1986,4,"WAH3","D",-2.81030980846248,-3.1027323048125,-2.70428979988439,-3.20875231339059,0.504462513506202
"140",-2.90711248224525,0.0720665832722541,1987,4,"WAH3","D",-2.76297931570075,-3.05124564878976,-2.65846615584354,-3.15575880864697,0.497292652803432
"141",-2.85901259518862,0.0714881056834077,1988,4,"WAH3","D",-2.7160363838218,-3.00198880655543,-2.6123621498297,-3.10566304054754,0.493300890717834
"142",-2.81260169389499,0.0712491545444704,1989,4,"WAH3","D",-2.67010338480605,-2.95510000298393,-2.56677568505281,-3.05842770273717,0.491652017684356
"143",-2.76828225064598,0.0712046331625253,1990,4,"WAH3","D",-2.62587298432092,-2.91069151697103,-2.52260985083539,-3.01395465045656,0.491344799621162
"144",-2.72643533831548,0.071197777503558,1991,4,"WAH3","D",-2.58403978330837,-2.8688308933226,-2.48078659210883,-2.97208408452214,0.491297492413303
"145",-2.68737915114903,0.0711451722542853,1992,4,"WAH3","D",-2.54508880664046,-2.8296694956576,-2.4419119051799,-2.93284639711816,0.490934491938265
"146",-2.65133865156892,0.0710613669221321,1993,4,"WAH3","D",-2.50921591772465,-2.79346138541318,-2.40616055331606,-2.89651674982178,0.490356196505719
"147",-2.6184319750897,0.0709851308732927,1994,4,"WAH3","D",-2.47646171334311,-2.76040223683628,-2.37351690878067,-2.86334704139872,0.489830132618058
"148",-2.588674513169,0.0709082672851848,1995,4,"WAH3","D",-2.44685797859863,-2.73049104773937,-2.34402464395895,-2.83332438237905,0.489299738420101
"149",-2.56199706332225,0.0707973624174443,1996,4,"WAH3","D",-2.42040233848737,-2.70359178815714,-2.31772984147374,-2.80626428517077,0.488534443697038
"150",-2.53827141183436,0.0706625572188161,1997,4,"WAH3","D",-2.39694629739672,-2.67959652627199,-2.29446929899887,-2.78207352466984,0.487604225670962
"151",-2.5173359429132,0.0705640154427531,1998,4,"WAH3","D",-2.3762079120277,-2.65846397379871,-2.2738738219228,-2.7607980639036,0.486924241980807
"152",-2.49901532403364,0.0705426888521194,1999,4,"WAH3","D",-2.35792994632941,-2.64010070173788,-2.25562678469752,-2.74240386336976,0.48677707867224
"153",-2.48313127921285,0.0705750171738922,2000,4,"WAH3","D",-2.34198124486507,-2.62428131356064,-2.2396311997137,-2.72663135871201,0.487000158998309
"154",-2.46950481138519,0.0706174764314849,2001,4,"WAH3","D",-2.32826985852222,-2.61073976424816,-2.22585823765885,-2.71315138511153,0.487293147452675
"155",-2.45795286152904,0.0706750403714062,2002,4,"WAH3","D",-2.31660278078622,-2.59930294227185,-2.21410767893927,-2.7017980441188,0.487690365179525
"156",-2.44828356002385,0.0707920092177644,2003,4,"WAH3","D",-2.30669954158832,-2.58986757845938,-2.20403480794834,-2.69253231209935,0.48849750415101
"157",-2.44029377866325,0.0709773033429083,2004,4,"WAH3","D",-2.29833917197743,-2.58224838534907,-2.19540571913859,-2.68518183818791,0.489776119049314
"158",-2.43377103919794,0.0711751231155766,2005,4,"WAH3","D",-2.29142079296679,-2.5761212854291,-2.18820045585253,-2.67934162254335,0.491141166690819
"159",-2.42849974255426,0.0713289512443313,2006,4,"WAH3","D",-2.28584184006559,-2.57115764504292,-2.18239841670136,-2.67460106840715,0.492202651705798
"160",-2.42426996300341,0.0714493292508416,2007,4,"WAH3","D",-2.28137130450173,-2.56716862150509,-2.1777533052763,-2.67078662073052,0.493033315454218
"161",-2.42088626458063,0.0715864417491266,2008,4,"WAH3","D",-2.27771338108238,-2.56405914807889,-2.17389653712475,-2.66787599203652,0.493979454911767
"162",-2.41817428191121,0.0717473925921921,2009,4,"WAH3","D",-2.27467949672682,-2.56166906709559,-2.1706292369414,-2.66571932688101,0.495090089939608
"163",-2.4159838833236,0.0718890710582062,2010,4,"WAH3","D",-2.27220574120719,-2.55976202544001,-2.16795001498372,-2.66401775166347,0.49606773667975
"164",-2.4141890592087,0.0720186415890136,2011,4,"WAH3","D",-2.27015177603067,-2.55822634238673,-2.16570814266656,-2.66266997575084,0.496961833084278
"165",-2.41268569266611,0.0722745623226746,2012,4,"WAH3","D",-2.26813656802076,-2.55723481731146,-2.16332179059329,-2.66204959473893,0.498727804145635
"166",-2.41138871699818,0.0728769937887773,2013,4,"WAH3","D",-2.26563472942063,-2.55714270457574,-2.15994628748375,-2.66283114651262,0.502884859028877
"167",-2.41022981443484,0.0740286183186939,2014,4,"WAH3","D",-2.26217257779745,-2.55828705107223,-2.15481401479855,-2.66564561407113,0.510831599272579
"168",-2.40915603251102,0.0759472626058064,2015,4,"WAH3","D",-2.25726150729941,-2.56105055772263,-2.14712046776307,-2.67119159725897,0.524071129495898
"169",-2.40812891370741,0.079021093272717,2016,4,"WAH3","D",-2.25008672716197,-2.56617110025284,-2.13548792452271,-2.6807699028921,0.545281978369387
"170",-2.40712333016053,0.0838150143627386,2017,4,"WAH3","D",-2.23949330143505,-2.57475335888601,-2.11794220803252,-2.69630445228854,0.578362244256017
"171",-2.40612535594281,0.0907566085835967,2018,4,"WAH3","D",-2.22461213877561,-2.58763857311,-2.09299413344904,-2.71925657843657,0.626262444987534
"172",-2.40512908428908,0.0997900610428198,2019,4,"WAH3","D",-2.20554896220344,-2.60470920637472,-2.06083036825361,-2.74942780032454,0.688597432070934
"173",-3.64766686685393,0.141399388989149,1977,5,"WAH3","D",-3.36486808887563,-3.93046564483222,-3.1598063768571,-4.13552735685075,0.975720979993656
"174",-3.59352914389988,0.123924415052788,1978,5,"WAH3","D",-3.34568031379431,-3.84137797400546,-3.16596134263546,-4.02109694516431,0.855135602528849
"175",-3.53938387861157,0.109108706738803,1979,5,"WAH3","D",-3.32116646513396,-3.75760129208917,-3.16293368661959,-3.91583407060354,0.752900383983947
"176",-3.48512908587542,0.0974568388104629,1980,5,"WAH3","D",-3.2902154082545,-3.68004276349635,-3.14888052443883,-3.82137764731201,0.672497122873184
"177",-3.43051013164372,0.088796452404076,1981,5,"WAH3","D",-3.25291722683556,-3.60810303645187,-3.1241418998605,-3.73687836342693,0.612736463566431
"178",-3.37512560404618,0.0825693871451884,1982,5,"WAH3","D",-3.2099868297558,-3.54026437833656,-3.09024218298358,-3.66000902510877,0.569766842125191
"179",-3.31850485995625,0.0782821387814122,1983,5,"WAH3","D",-3.16194058239342,-3.47506913751907,-3.04841343412392,-3.58859628578858,0.54018285166466
"180",-3.2602426484546,0.0755775167093043,1984,5,"WAH3","D",-3.10908761503599,-3.41139768187321,-2.9994827922902,-3.521002504619,0.521519712328803
"181",-3.20015603578191,0.0740362702854135,1985,5,"WAH3","D",-3.05208349521108,-3.34822857635273,-2.94471383509636,-3.45559823646745,0.510884401371088
"182",-3.13841681130836,0.0731605229452616,1986,5,"WAH3","D",-2.99209576541784,-3.28473785719889,-2.8859961408397,-3.39083748177702,0.504841340937316
"183",-3.07561358348761,0.0725924484607989,1987,5,"WAH3","D",-2.93042868656601,-3.2207984804092,-2.82515290095331,-3.3260742660219,0.500921365068596
"184",-3.01271285772357,0.0722285451376355,1988,5,"WAH3","D",-2.8682557674483,-3.15716994799884,-2.76350772554786,-3.26191798989927,0.498410264351413
"185",-2.95091424802101,0.0720711289010923,1989,5,"WAH3","D",-2.80677199021882,-3.09505650582319,-2.70225223815186,-3.19957625789016,0.4973240197383
"186",-2.8914249080419,0.0720379642677633,1990,5,"WAH3","D",-2.74734897950637,-3.03550083657742,-2.64287732380345,-3.13997249228034,0.497095168476889
"187",-2.83520393283999,0.0719799459370152,1991,5,"WAH3","D",-2.69124404096596,-2.97916382471402,-2.58685652521808,-3.0835513404619,0.496694815243824
"188",-2.78274120541255,0.0718406633330887,1992,5,"WAH3","D",-2.63905987874638,-2.92642253207873,-2.53487435488417,-3.03060805594093,0.495733701056763
"189",-2.73393215118092,0.0717031930318721,1993,5,"WAH3","D",-2.59052576511718,-2.87733853724467,-2.48653960488392,-2.98132469747793,0.494785092594011
"190",-2.68808972365621,0.0716519121090206,1994,5,"WAH3","D",-2.54478589943817,-2.83139354787425,-2.44087410836526,-2.93530533894716,0.494431230581895
"191",-2.64410203468889,0.0716445569859778,1995,5,"WAH3","D",-2.50081292071693,-2.78739114866084,-2.39691179626808,-2.8912922731097,0.494380476841624
"192",-2.60070652311767,0.0715701216448803,1996,5,"WAH3","D",-2.45756627982791,-2.74384676640743,-2.35377310378384,-2.84763994245149,0.493866838667647
"193",-2.55681932668473,0.071400272713734,1997,5,"WAH3","D",-2.41401878125726,-2.6996198721122,-2.31047192532006,-2.8031667280494,0.492694802729347
"194",-2.51184057406261,0.0712190096269178,1998,5,"WAH3","D",-2.36940255480878,-2.65427859331645,-2.26611857213555,-2.75756257598967,0.491444003854124
"195",-2.46585819975479,0.0711008521471869,1999,5,"WAH3","D",-2.32365649546042,-2.60805990404917,-2.22054386837263,-2.71117253113695,0.490628662764315
"196",-2.41969502928072,0.0710244623197189,2000,5,"WAH3","D",-2.27764610464128,-2.56174395392016,-2.17464426041411,-2.66474579814733,0.490101537733214
"197",-2.37478124062206,0.0709490542274784,2001,5,"WAH3","D",-2.23288313216711,-2.51667934907702,-2.12999064705814,-2.61957183418598,0.489581187127837
"198",-2.33287753094086,0.0709323684057647,2002,5,"WAH3","D",-2.19101279412933,-2.47474226775239,-2.08814450730858,-2.57761055457315,0.489466047264568
"199",-2.29571215964137,0.071099563856605,2003,5,"WAH3","D",-2.15351303192816,-2.43791128735458,-2.05040227315872,-2.54102204612402,0.490619772965299
"200",-2.26461738313933,0.0714889303607721,2004,5,"WAH3","D",-2.12163952241778,-2.40759524386087,-2.01796409245338,-2.51127067382527,0.493306581371889
"201",-2.24025146607313,0.0719925007825651,2005,5,"WAH3","D",-2.096266464508,-2.38423646763826,-1.9918607413397,-2.48864219080657,0.496781449466866
"202",-2.22247100648026,0.072483312195248,2006,5,"WAH3","D",-2.07750438208976,-2.36743763087075,-1.9723868692222,-2.47255514373831,0.500168274516101
"203",-2.21038028256184,0.0729486088203975,2007,5,"WAH3","D",-2.06448306492105,-2.35627750020264,-1.9586907646783,-2.46206980044538,0.503379035767082
"204",-2.20253979702362,0.0734377825059147,2008,5,"WAH3","D",-2.05566423201179,-2.34941536203545,-1.94916251715175,-2.4559170768955,0.506754559743756
"205",-2.19727705610043,0.0739064706782092,2009,5,"WAH3","D",-2.04946411474401,-2.34508999745685,-1.94228269398353,-2.45227141821733,0.5099887242338
"206",-2.19301929378364,0.0742055518976495,2010,5,"WAH3","D",-2.04460818998834,-2.34143039757894,-1.93699303250997,-2.4490455550573,0.51205252254733
"207",-2.18856636833407,0.074268804964104,2011,5,"WAH3","D",-2.04002875840586,-2.33710397826228,-1.93232186939888,-2.44481086726926,0.512488997870383
"208",-2.18324236361181,0.0742603739465524,2012,5,"WAH3","D",-2.0347216157187,-2.33176311150491,-1.92702695363084,-2.43945777359277,0.512430819961931
"209",-2.17690040993624,0.0744819007137606,2013,5,"WAH3","D",-2.02793660850872,-2.32586421136376,-1.91992068153799,-2.4338801383345,0.513959456796506
"210",-2.16979649329049,0.0751922938032699,2014,5,"WAH3","D",-2.01941190568395,-2.32018108089703,-1.91036574496057,-2.42922724162041,0.518861496659846
"211",-2.1623828624411,0.0766848749522262,2015,5,"WAH3","D",-2.00901311253664,-2.31575261234555,-1.89780236505005,-2.42696335983214,0.529160994782086
"212",-2.15509050544865,0.0796135923424524,2016,5,"WAH3","D",-1.99586332076375,-2.31431769013356,-1.8804052578796,-2.4297757530177,0.549370495138098
"213",-2.14816841620574,0.0850272841235974,2017,5,"WAH3","D",-1.97811384795855,-2.31822298445294,-1.85480468392808,-2.44153214848341,0.586727464555326
"214",-2.14162672714217,0.0937330020715813,2018,5,"WAH3","D",-1.95416072299901,-2.32909273128533,-1.81822626094196,-2.46502719334238,0.646800932400418
"215",-2.13529896776529,0.105606891672409,2019,5,"WAH3","D",-1.92408518442047,-2.34651275111011,-1.7709308450551,-2.49966709047547,0.72873624542037
"216",-3.70374587517116,0.0827965115643231,1977,6,"WAH3","D",-3.53815285204252,-3.86933889829981,-3.41807882250166,-3.98941292784066,0.571334105339006
"217",-3.69038297008433,0.0800214643008589,1978,6,"WAH3","D",-3.53034004148261,-3.85042589868605,-3.41429047022864,-3.96647546994002,0.552184999711374
"218",-3.67702133360432,0.0774625209732012,1979,6,"WAH3","D",-3.52209629165792,-3.83194637555072,-3.40975777816367,-3.94428488904497,0.534527110881302
"219",-3.66366258699018,0.0751311675094962,1980,6,"WAH3","D",-3.51340025197119,-3.81392492200918,-3.40444273846574,-3.92288243551463,0.518439697048896
"220",-3.65030844493289,0.0730272696475569,1981,6,"WAH3","D",-3.50425390563778,-3.79636298422801,-3.39834752906131,-3.90226936080447,0.503921831743159
"221",-3.63696046193721,0.0711461192177521,1982,6,"WAH3","D",-3.49466822350171,-3.77925270037271,-3.39148994872581,-3.88243097514861,0.490941026422808
"222",-3.62361995478494,0.0694837610996526,1983,6,"WAH3","D",-3.48465243258564,-3.76258747698425,-3.38388496031831,-3.86335494925158,0.479469988933269
"223",-3.61028805325088,0.0680356742631565,1984,6,"WAH3","D",-3.47421670472456,-3.74635940177719,-3.37554929220973,-3.84502681429202,0.469477522082296
"224",-3.59696580910274,0.0667929147530341,1985,6,"WAH3","D",-3.46337997959667,-3.73055163860881,-3.36651485487526,-3.82741676333022,0.460901908454955
"225",-3.5836542735686,0.0657418227906361,1986,6,"WAH3","D",-3.45217062798733,-3.71513791914987,-3.35682982892842,-3.81047871820878,0.453648889280359
"226",-3.57035444323146,0.0648674813161871,1987,6,"WAH3","D",-3.44061948059908,-3.70008940586383,-3.34654667824738,-3.79416220821553,0.447615529968149
"227",-3.55706698504542,0.0641561665786587,1988,6,"WAH3","D",-3.42875465188811,-3.68537931820274,-3.33571341989116,-3.77842055019969,0.442707130308527
"228",-3.54379169349117,0.0635942433637748,1989,6,"WAH3","D",-3.41660320676362,-3.67098018021872,-3.32437689297311,-3.76320649400922,0.438829601036107
"229",-3.53052670932456,0.0631662594541641,1990,6,"WAH3","D",-3.40419419041623,-3.65685922823289,-3.31258855196138,-3.74846486668775,0.43587631472637
"230",-3.51726762804262,0.062855775779083,1991,6,"WAH3","D",-3.39155607648445,-3.64297917960079,-3.30040071093686,-3.73413454514838,0.433733834211512
"231",-3.5040067196233,0.0626481964048382,1992,6,"WAH3","D",-3.37871032681362,-3.62930311243297,-3.2878559992137,-3.7201574400329,0.432301440819201
"232",-3.49073253239267,0.0625320097412275,1993,6,"WAH3","D",-3.36566851291022,-3.61579655187513,-3.27498268275801,-3.70648238202733,0.43149969926932
"233",-3.47743012936878,0.0624972910402537,1994,6,"WAH3","D",-3.35243554728827,-3.60242471144929,-3.26180006725647,-3.69306019148109,0.431260124224616
"234",-3.46408208976041,0.0625341907007577,1995,6,"WAH3","D",-3.33901370835889,-3.58915047116192,-3.24832471531257,-3.67983946420824,0.431514748895669
"235",-3.45067021584045,0.0626338713130181,1996,6,"WAH3","D",-3.32540247321441,-3.57593795846648,-3.23456892030011,-3.66677151138078,0.432202591080677
"236",-3.43717766246972,0.0627905993588964,1997,6,"WAH3","D",-3.31159646375193,-3.56275886118752,-3.22053561903928,-3.65381970590017,0.433284086860892
"237",-3.42359102143344,0.0630020018514436,1998,6,"WAH3","D",-3.29758701773055,-3.54959502513632,-3.20621959066732,-3.64096245219956,0.434742861532239
"238",-3.40990181539376,0.0632672029975435,1999,6,"WAH3","D",-3.28336740939868,-3.53643622138885,-3.19161537953456,-3.62818825125297,0.436572871718407
"239",-3.39610693332301,0.0635856082074833,2000,6,"WAH3","D",-3.26893571690804,-3.52327814973797,-3.17672192608489,-3.61549194056112,0.438770014476226
"240",-3.38220777349708,0.0639580759984039,2001,6,"WAH3","D",-3.25429162150028,-3.51012392549389,-3.16153766651218,-3.60287788048199,0.441340213969811
"241",-3.36820820214652,0.0643886670830244,2002,6,"WAH3","D",-3.23943086798048,-3.49698553631257,-3.14605245665191,-3.59036394764114,0.444311490989223
"242",-3.35411179333306,0.0648842783927428,2003,6,"WAH3","D",-3.22434323654757,-3.48388035011854,-3.1302460745625,-3.57797751210362,0.447731437541124
"243",-3.33991907852561,0.0654525456237046,2004,6,"WAH3","D",-3.2090139872782,-3.47082416977302,-3.11409270680083,-3.56574545025039,0.451652743449561
"244",-3.32562560953854,0.0661009419666327,2005,6,"WAH3","D",-3.19342372560528,-3.45782749347181,-3.09756212095042,-3.55368909812666,0.456126977176233
"245",-3.31122148237551,0.0668382389008653,2006,6,"WAH3","D",-3.17754500457378,-3.44489796017724,-3.08061414938906,-3.54182881536196,0.4612146659729
"246",-3.29669260740648,0.0676759190052541,2007,6,"WAH3","D",-3.16134076939597,-3.43204444541699,-3.06319508494248,-3.53019012987047,0.46699504492799
"247",-3.28202353554799,0.0686270160324554,2008,6,"WAH3","D",-3.14476950348308,-3.4192775676129,-3.04524450907579,-3.51880256202018,0.473558052944391
"248",-3.26720119587319,0.0697035598104306,2009,6,"WAH3","D",-3.12779407625233,-3.40660831549405,-3.02670784518234,-3.50769454656404,0.480986701381709
"249",-3.25221860514631,0.0709159820512552,2010,6,"WAH3","D",-3.1103866410438,-3.39405056924882,-3.00754211821477,-3.49689509207785,0.489352973863086
"250",-3.23707757084067,0.072275078787591,2011,6,"WAH3","D",-3.09252741326549,-3.38162772841585,-2.98771188684482,-3.48644325483651,0.498731367991689
"251",-3.22178964883679,0.0737932021463667,2012,6,"WAH3","D",-3.07420324454406,-3.36937605312953,-2.96718608926749,-3.47639320840609,0.509207119138601
"252",-3.20637507296926,0.0754821659016619,2013,6,"WAH3","D",-3.05541074116593,-3.35733940477258,-2.94594419907324,-3.46680594686527,0.520861747792031
"253",-3.19085991510349,0.0773502224444323,2014,6,"WAH3","D",-3.03615947021463,-3.34556035999236,-2.92398381547621,-3.45773601473077,0.533752199254558
"254",-3.17527220125348,0.0794024279625928,2015,6,"WAH3","D",-3.0164673453283,-3.33407705717867,-2.90131551947644,-3.44922888303053,0.547913363554084
"255",-3.15963796192295,0.0816441671338591,2016,6,"WAH3","D",-2.99634962765523,-3.32292629619067,-2.87794676319815,-3.44132916064775,0.563382397449598
"256",-3.1439781600515,0.0840822314089644,2017,6,"WAH3","D",-2.97581369723357,-3.31214262286943,-2.85387507751023,-3.43408124259277,0.580206165082539
"257",-3.12830713658088,0.086719668023327,2018,6,"WAH3","D",-2.95486780053422,-3.30174647262753,-2.82910428968973,-3.42750998347203,0.598405693782302
"258",-3.11263275122148,0.08954888100243,2019,6,"WAH3","D",-2.93353498921662,-3.29173051322634,-2.80366846731028,-3.42159703513268,0.617928567822394
"259",-3.58302295885681,0.25507811118316,1977,7,"WAH3","D",-3.07286673649049,-4.09317918122313,-2.70294466998364,-4.46310124772998,1.76015657774634
"260",-3.52378555938498,0.205561151029126,1978,7,"WAH3","D",-3.11266325732673,-3.93490786144323,-2.81455219860237,-4.23301892016759,1.41846672156522
"261",-3.46624266471865,0.166366985594426,1979,7,"WAH3","D",-3.1335086935298,-3.7989766359075,-2.89223821044466,-4.04024711899264,1.14800890854798
"262",-3.41182160938667,0.140686843336171,1980,7,"WAH3","D",-3.13044792271433,-3.69319529605901,-2.92641956616173,-3.89722365261161,0.970804086449885
"263",-3.36075057121089,0.126575308332204,1981,7,"WAH3","D",-3.10759995454648,-3.6139011878753,-2.92403657699987,-3.79746456542191,0.873427988422038
"264",-3.31156133002732,0.118866205133566,1982,7,"WAH3","D",-3.07382891976019,-3.54929374029446,-2.90144551909567,-3.72167714095898,0.820231621863305
"265",-3.26137717971146,0.11410428577706,1983,7,"WAH3","D",-3.03316860815734,-3.48958575126558,-2.86769108836486,-3.65506327105806,0.787372182693192
"266",-3.20684706789388,0.111430049320511,1984,7,"WAH3","D",-2.98398696925285,-3.4297071665349,-2.82238770883648,-3.59130642695127,0.768918718114787
"267",-3.14539295776962,0.110277089110109,1985,7,"WAH3","D",-2.9248387795494,-3.36594713598984,-2.76491157723968,-3.52587433829956,0.760962761059888
"268",-3.07633222196794,0.109444724200452,1986,7,"WAH3","D",-2.85744277356704,-3.29522167036885,-2.69872269226837,-3.45394175166752,0.755219059399158
"269",-3.00146515809272,0.108279407520815,1987,7,"WAH3","D",-2.78490634305109,-3.21802397313435,-2.62787623958809,-3.37505407659735,0.747177837009254
"270",-2.92487823803845,0.107385287410066,1988,7,"WAH3","D",-2.71010766321832,-3.13964881285858,-2.5543742400449,-3.295382236032,0.741007995987103
"271",-2.85196061424826,0.107557415414673,1989,7,"WAH3","D",-2.63684578341892,-3.06707544507761,-2.48086273495671,-3.22305849353982,0.742195758583112
"272",-2.78788907705062,0.108455560847003,1990,7,"WAH3","D",-2.57097795535662,-3.00480019874463,-2.41369238896055,-3.1620857651407,0.748393376180148
"273",-2.7360238172485,0.108956618990585,1991,7,"WAH3","D",-2.51811057926733,-2.95393705522967,-2.36009836304995,-3.11194927144706,0.751850908397118
"274",-2.69671297607211,0.108564957240881,1992,7,"WAH3","D",-2.47958306159035,-2.91384289055387,-2.32213884520309,-3.07128710694113,0.749148261738043
"275",-2.66690682190875,0.107848233637657,1993,7,"WAH3","D",-2.45121035463343,-2.88260328918406,-2.29480555270314,-3.03900809111436,0.744202538411217
"276",-2.64075810347486,0.107423241864566,1994,7,"WAH3","D",-2.42591161974573,-2.855604587204,-2.27012315386333,-3.0113930530864,0.741269899223074
"277",-2.61109866691407,0.106972434259237,1995,7,"WAH3","D",-2.39715379839559,-2.82504353543254,-2.24201910746937,-2.98017822635877,0.738159118889399
"278",-2.57141846564272,0.105687119212995,1996,7,"WAH3","D",-2.36004422721673,-2.78279270406871,-2.20677353942199,-2.93606339186345,0.729289852441469
"279",-2.51781042194402,0.103451343415029,1997,7,"WAH3","D",-2.31090773511396,-2.72471310877408,-2.16087943765837,-2.87474140622967,0.7138619685713
"280",-2.45033250533783,0.101102675576966,1998,7,"WAH3","D",-2.2481271541839,-2.65253785649176,-2.10150496655155,-2.79916004412411,0.697655077572566
"281",-2.37338218773461,0.0994309452453553,1999,7,"WAH3","D",-2.1745202972439,-2.57224407822532,-2.03032250399037,-2.71644187147886,0.68611936748849
"282",-2.29493829354363,0.0983044619716346,2000,7,"WAH3","D",-2.09832936960036,-2.49154721748689,-1.95576523679133,-2.63411135029592,0.678346113504587
"283",-2.22482838418636,0.0971904625784511,2001,7,"WAH3","D",-2.03044745902946,-2.41920930934326,-1.88949888216015,-2.56015788621257,0.670659004052419
"284",-2.17244192620602,0.0962339062349989,2002,7,"WAH3","D",-1.97997411373602,-2.36490973867602,-1.84041276408766,-2.50447108832438,0.664058324236724
"285",-2.14445904578089,0.0962013411104113,2003,7,"WAH3","D",-1.95205636356006,-2.33686172800171,-1.81254224084986,-2.47637585071191,0.663833609862048
"286",-2.14316261889771,0.0973021054325001,2004,7,"WAH3","D",-1.94855840803271,-2.33776682976271,-1.80744792328707,-2.47887731450835,0.67142939122128
"287",-2.16575105129461,0.0986982855717935,2005,7,"WAH3","D",-1.96835448015102,-2.36314762243819,-1.82521921233032,-2.5062828902589,0.681063677928583
"288",-2.2048135146584,0.0995508087543911,2006,7,"WAH3","D",-2.00571189714962,-2.40391513216718,-1.86134027417484,-2.54828675514196,0.686946480967112
"289",-2.24983831594706,0.100055974902208,2007,7,"WAH3","D",-2.04972636614264,-2.44995026575147,-1.90462213579336,-2.59505449610076,0.690432360307406
"290",-2.28937482894908,0.100958785808376,2008,7,"WAH3","D",-2.08745725733233,-2.49129240056583,-1.94104374303654,-2.63770591486161,0.696662171825068
"291",-2.31332246766356,0.102211064530679,2009,7,"WAH3","D",-2.1089003386022,-2.51774459672492,-1.96067073146079,-2.66597420386633,0.705303472405547
"292",-2.31480952309582,0.102816235081977,2010,7,"WAH3","D",-2.10917705293186,-2.52044199325977,-1.96006980897603,-2.6695492372156,0.709479428239565
"293",-2.29124702859475,0.102247279182197,2011,7,"WAH3","D",-2.08675247023036,-2.49574158695914,-1.93847034349537,-2.64402371369412,0.70555337019875
"294",-2.24436162022345,0.101413046982269,2012,7,"WAH3","D",-2.04153552625891,-2.44718771418799,-1.89446322853635,-2.59426001191055,0.699796783374192
"295",-2.17926809213427,0.101567342770998,2013,7,"WAH3","D",-1.97613340659228,-2.38240277767627,-1.82883734440496,-2.52969883986358,0.700861495458621
"296",-2.10287245362268,0.102445333099764,2014,7,"WAH3","D",-1.89798178742315,-2.30776311982221,-1.74941243684867,-2.45633247039669,0.706920033548019
"297",-2.02204546618035,0.102900511810364,2015,7,"WAH3","D",-1.81624444255962,-2.22784648980108,-1.66701497791861,-2.37707595444208,0.710060976523474
"298",-1.94204352982468,0.104402068549377,2016,7,"WAH3","D",-1.73323939272592,-2.15084766692343,-1.58183232464691,-2.30225473500244,0.720422410355539
"299",-1.86557659172429,0.11306749410169,2017,7,"WAH3","D",-1.63944160352091,-2.09171157992768,-1.47546767067799,-2.2556855127706,0.780217842092619
"300",-1.79275883750524,0.134796866134076,2018,7,"WAH3","D",-1.52316510523709,-2.06235256977339,-1.32767857349325,-2.25783910151723,0.930160528023978
"301",-1.72197743529429,0.168519404148575,2019,7,"WAH3","D",-1.38493862699714,-2.05901624359144,-1.14054664079342,-2.30340822979515,1.16286158900172
"302",-3.83861215354018,0.177748757126945,1977,8,"WAH3","D",-3.48311463928629,-4.19410966779407,-3.22533796354397,-4.45188634353639,1.22654837999241
"303",-3.70699423593535,0.128600014230546,1978,8,"WAH3","D",-3.44979420747426,-3.96419426439644,-3.26329453960266,-4.15069393226804,0.887399392665382
"304",-3.59312213304606,0.0961113657860166,1979,8,"WAH3","D",-3.40089940147403,-3.7853448646181,-3.26151576372696,-3.92472850236516,0.663212738638196
"305",-3.51514112478734,0.0856516669424739,1980,8,"WAH3","D",-3.3438377909024,-3.68644445867229,-3.21962312784036,-3.81065912173433,0.591035993893965
"306",-3.4838211362539,0.0858570217795311,1981,8,"WAH3","D",-3.31210709269484,-3.65553517981296,-3.1875946177769,-3.7800476547309,0.592453036953998
"307",-3.4967296550926,0.0841089750969572,1982,8,"WAH3","D",-3.32851170489869,-3.66494760528652,-3.20653430066231,-3.78692500952289,0.580390708860581
"308",-3.53769073829565,0.0791063977103559,1983,8,"WAH3","D",-3.37947794287493,-3.69590353371636,-3.26475542913515,-3.81062604745614,0.545870618320987
"309",-3.5810159975642,0.0755124699843752,1984,8,"WAH3","D",-3.42999105759545,-3.73204093753295,-3.32048056759657,-3.84155142753183,0.521070859935261
"310",-3.59896540256826,0.0755078639477399,1985,8,"WAH3","D",-3.44794967467278,-3.74998113046374,-3.33844586448889,-3.85948494064763,0.521039076158741
"311",-3.57015259552374,0.0765112408007918,1986,8,"WAH3","D",-3.41713011392216,-3.72317507712533,-3.30617117598448,-3.834134015063,0.527962839078522
"312",-3.48639960290841,0.076412906615116,1987,8,"WAH3","D",-3.33357378967817,-3.63922541613864,-3.22275745897953,-3.75004174683728,0.527284287857753
"313",-3.35596837386907,0.0764545190326393,1988,8,"WAH3","D",-3.20305933580379,-3.50887741193435,-3.09218265750648,-3.61975409023166,0.527571432725182
"314",-3.20207699291369,0.0783645615163317,1989,8,"WAH3","D",-3.04534786988103,-3.35880611594635,-2.93170118964428,-3.47245279618309,0.54075160653881
"315",-3.05691390259961,0.0810861639924765,1990,8,"WAH3","D",-2.89474157461465,-3.21908623058456,-2.77714794335371,-3.3366798618455,0.559531918491792
"316",-2.95265797302089,0.082384240520689,1991,8,"WAH3","D",-2.78788949197952,-3.11742645406227,-2.66841335049622,-3.23690259554557,0.568489245049345
"317",-2.91194161473885,0.0823175606432663,1992,8,"WAH3","D",-2.74730649345232,-3.07657673602538,-2.62792705316356,-3.19595617631414,0.568029123150588
"318",-2.94048213472766,0.0833062218354472,1993,8,"WAH3","D",-2.77386969105677,-3.10709457839856,-2.65305646411501,-3.22790780534032,0.57485134122531
"319",-3.02413712545327,0.0865659142665178,1994,8,"WAH3","D",-2.85100529692023,-3.1972689539863,-2.72546476446925,-3.32280948643729,0.597344721968039
"320",-3.13150136040358,0.0899779140180347,1995,8,"WAH3","D",-2.95154553236751,-3.31145718843965,-2.82105681367997,-3.44194590712718,0.620889093447209
"321",-3.22163885873951,0.0907762817554565,1996,8,"WAH3","D",-3.0400862952286,-3.40319142225042,-2.9084397592674,-3.53483795821161,0.626398198944209
"322",-3.25504656791993,0.0888326417270762,1997,8,"WAH3","D",-3.07738128446578,-3.43271185137409,-2.94855347462934,-3.56153966121053,0.612986186581186
"323",-3.20490725915787,0.086595678690116,1998,8,"WAH3","D",-3.03171590177764,-3.3780986165381,-2.9061322040506,-3.50368231426515,0.59755011021455
"324",-3.06543643380869,0.0859750456357956,1999,8,"WAH3","D",-2.8934863425371,-3.23738652508028,-2.76880270581856,-3.36207016179883,0.593267455980277
"325",-2.8547818508999,0.0860628506232235,2000,8,"WAH3","D",-2.68265614965345,-3.02690755214635,-2.55784517546072,-3.15171852633908,0.593873350878366
"326",-2.61135832447524,0.0851451356288189,2001,8,"WAH3","D",-2.4410680532176,-2.78164859573288,-2.31758797733527,-2.90512867161521,0.587540694279942
"327",-2.38432432956234,0.0838045554960432,2002,8,"WAH3","D",-2.21671521857025,-2.55193344055443,-2.0951792929356,-2.67346936618908,0.57829007325348
"328",-2.22062086073373,0.0843970251706422,2003,8,"WAH3","D",-2.05182681039245,-2.38941491107502,-1.92943166714263,-2.51181005432483,0.582378387182195
"329",-2.15209044292952,0.0873466133677456,2004,8,"WAH3","D",-1.97739721619403,-2.32678366966501,-1.85072449006517,-2.45345639579387,0.602731905728703
"330",-2.18632320142342,0.0900011747985711,2005,8,"WAH3","D",-2.00632085182628,-2.36632555102057,-1.87579839964447,-2.49684800320238,0.621049603557915
"331",-2.30395370236927,0.0901585449077955,2006,8,"WAH3","D",-2.12363661255368,-2.48427079218486,-1.99288593743364,-2.6150214673049,0.622135529871259
"332",-2.46338066439573,0.0889705418089238,2007,8,"WAH3","D",-2.28543958077789,-2.64132174801358,-2.15641178403151,-2.77034954475996,0.613937760728455
"333",-2.61178129892688,0.0894554954473685,2008,8,"WAH3","D",-2.43287030803214,-2.79069228982162,-2.3031392167096,-2.92042338114416,0.617284164434563
"334",-2.69944675724887,0.0920257717041538,2009,8,"WAH3","D",-2.51539521384056,-2.88349830065717,-2.38193662939838,-3.01695688509935,0.635020255700965
"335",-2.69342724194058,0.0934939607764076,2010,8,"WAH3","D",-2.50643932038776,-2.88041516349339,-2.37085152331691,-3.01600296056425,0.645151437247339
"336",-2.5865779708163,0.091495077071334,2011,8,"WAH3","D",-2.40358781667363,-2.76956812495897,-2.27089886179452,-2.90225707983808,0.631358218043561
"337",-2.3993466857771,0.088067990719716,2012,8,"WAH3","D",-2.22321070433767,-2.57548266721653,-2.09549181474329,-2.7032015568109,0.607709742067612
"338",-2.17370686393918,0.0877128588335234,2013,8,"WAH3","D",-1.99828114627213,-2.34913258160622,-1.87107727978426,-2.47633644809409,0.605259168309833
"339",-1.96093652657417,0.090775809373957,2014,8,"WAH3","D",-1.77938490782625,-2.14248814532208,-1.64773905692714,-2.2741339962212,0.626394939294058
"340",-1.80680930763178,0.0920534473887802,2015,8,"WAH3","D",-1.62270241285422,-1.99091620240934,-1.48920369228903,-2.12441492297453,0.635211230685502
"341",-1.73866036425029,0.0883070400796934,2016,8,"WAH3","D",-1.5620462840909,-1.91527444440967,-1.43398071781451,-2.04334001068606,0.609359292871555
"342",-1.75846163829789,0.0858148922843568,2017,8,"WAH3","D",-1.58683185372918,-1.93009142286661,-1.46238047629171,-2.05454280030408,0.592162324012365
"343",-1.84461324345422,0.0987357167889385,2018,8,"WAH3","D",-1.64714180987634,-2.04208467703209,-1.50395225816144,-2.18527422874699,0.681321970585548
"344",-1.9631141254272,0.130599148181291,2019,8,"WAH3","D",-1.70191582906462,-2.22431242178978,-1.51251695608736,-2.41371129476704,0.901194338679678
"345",-3.44743972114154,0.203662248486306,1977,9,"WAH3","D",-3.04011522416893,-3.85476421811415,-2.74475801190155,-4.15012143038153,1.40536341847998
"346",-3.37153358397462,0.186713964501582,1978,9,"WAH3","D",-2.99810565497145,-3.74496151297778,-2.72732736171164,-4.01573980623759,1.28841244452595
"347",-3.29567915531303,0.171047584468837,1979,9,"WAH3","D",-2.95358398637535,-3.6377743242507,-2.7055255558647,-3.88583275476136,1.18030719889666
"348",-3.21990742871875,0.156860223001924,1980,9,"WAH3","D",-2.90618698271491,-3.5336278747226,-2.67870349706242,-3.76111136037509,1.08240786331266
"349",-3.14419283586359,0.144196316739847,1981,9,"WAH3","D",-2.8558002023839,-3.43258546934329,-2.6466823003277,-3.64170337139949,0.995021071071789
"350",-3.06844067372095,0.133039040776637,1982,9,"WAH3","D",-2.80236259216768,-3.33451875527423,-2.60942531243831,-3.52745603500359,0.918030722565276
"351",-2.99250984441695,0.123403341362677,1983,9,"WAH3","D",-2.7457031616916,-3.23931652714231,-2.56673986751089,-3.41827982132302,0.851539953812131
"352",-2.91626426597498,0.115318462595049,1984,9,"WAH3","D",-2.68562734078488,-3.14690119116507,-2.51838898469198,-3.31413954725797,0.795750562565993
"353",-2.83963716558954,0.108742665298521,1985,9,"WAH3","D",-2.6221518349925,-3.05712249618658,-2.46444990095313,-3.21482443022594,0.750374529272806
"354",-2.76268746275295,0.103535486608142,1986,9,"WAH3","D",-2.55561648953667,-2.96975843596924,-2.40546616505283,-3.11990876045308,0.714442595400247
"355",-2.68562869709149,0.0995206492498431,1987,9,"WAH3","D",-2.48658739859181,-2.88466999559118,-2.34225951385155,-3.02899788033144,0.686738366479886
"356",-2.60881843195847,0.0965445561478592,1988,9,"WAH3","D",-2.41572931966275,-2.80190754425419,-2.27571745602402,-2.94191940789292,0.666201951868907
"357",-2.53270766096865,0.0944571773061524,1989,9,"WAH3","D",-2.34379330635635,-2.72162201558096,-2.206808623259,-2.85860669867831,0.65179807541931
"358",-2.45776195399612,0.0930683892093956,1990,9,"WAH3","D",-2.27162517557733,-2.64389873241491,-2.13665455538922,-2.77886935260303,0.642214797213809
"359",-2.38437511721202,0.0921664466463637,1991,9,"WAH3","D",-2.20004222391929,-2.56870801050474,-2.06637962837994,-2.7023706060441,0.635990977664156
"360",-2.31279914812723,0.0915839642376273,1992,9,"WAH3","D",-2.12963121965197,-2.49596707660248,-1.99681335788983,-2.62878493836462,0.631971580474788
"361",-2.24311021034406,0.0912234223675535,1993,9,"WAH3","D",-2.06066336560895,-2.42555705507917,-1.92836837267715,-2.55785204801096,0.629483675333811
"362",-2.17522035921741,0.0910145453896322,1994,9,"WAH3","D",-1.99319126843815,-2.35724944999668,-1.86119919527849,-2.48924152315633,0.628042327877839
"363",-2.10893175352216,0.0908717810304213,1995,9,"WAH3","D",-1.92718819146132,-2.29067531558301,-1.79540315953518,-2.42246034750914,0.627057187973959
"364",-2.0440179298946,0.0907128457432681,1996,9,"WAH3","D",-1.86259223840807,-2.22544362138114,-1.73103769928898,-2.35699816050022,0.625960461211239
"365",-1.98030897235132,0.0905064425992607,1997,9,"WAH3","D",-1.7992960871528,-2.16132185754984,-1.66804088017637,-2.29257706452627,0.624536184349901
"366",-1.91775632009193,0.0902753625629136,1998,9,"WAH3","D",-1.73720559496611,-2.09830704521776,-1.60628550731519,-2.22922713286867,0.622941625553477
"367",-1.85645878479717,0.090046268406263,1999,9,"WAH3","D",-1.67636624798464,-2.0365513216097,-1.54577839967587,-2.16713916991847,0.621360770242602
"368",-1.79664233982804,0.0898131928121701,2000,9,"WAH3","D",-1.6170159542037,-1.97626872545238,-1.48676611923923,-2.10651856041686,0.619752441177627
"369",-1.73859919286127,0.0895604828751895,2001,9,"WAH3","D",-1.55947822711089,-1.91772015861165,-1.42959487981438,-2.04760350590817,0.618008626093788
"370",-1.68260287694753,0.0893044089820575,2002,9,"WAH3","D",-1.50399405898341,-1.86121169491164,-1.3744820778668,-1.99072367602826,0.616241598161463
"371",-1.62882250592198,0.0890872093892129,2003,9,"WAH3","D",-1.45064808714355,-1.80699692470041,-1.3214510955094,-1.93619391633456,0.614742820825157
"372",-1.57725930400143,0.088930779435624,2004,9,"WAH3","D",-1.39939774513018,-1.75512086287268,-1.27042761299184,-1.88409099501102,0.613663382019181
"373",-1.52772225149828,0.088823003229892,2005,9,"WAH3","D",-1.35007624503849,-1.70536825795806,-1.22126241324501,-1.83418208975154,0.612919676506529
"374",-1.47984910486788,0.0887683164473433,2006,9,"WAH3","D",-1.30231247197319,-1.65738573776257,-1.17357794862181,-1.78612026111395,0.61254231249214
"375",-1.43316714874978,0.0888405903545377,2007,9,"WAH3","D",-1.25548596804071,-1.61084832945886,-1.12664663086199,-1.73968766663758,0.613041035775598
"376",-1.38717802345814,0.0891678237255747,2008,9,"WAH3","D",-1.20884237600699,-1.56551367090929,-1.07952847500042,-1.69482757191586,0.615299096915448
"377",-1.34144537715543,0.08987381103574,2009,9,"WAH3","D",-1.16169775508395,-1.52119299922691,-1.03136000972048,-1.65153074459039,0.620170734869912
"378",-1.29566415397297,0.0910672976433952,2010,9,"WAH3","D",-1.11352955868618,-1.47779874925976,-0.981460982597153,-1.60986732534879,0.628406342751641
"379",-1.24969575379471,0.0928998412136202,2011,9,"WAH3","D",-1.06389607136747,-1.43549543622195,-0.929169884630007,-1.57022162295941,0.641051738329398
"380",-1.20356244957787,0.0956005943460767,2012,9,"WAH3","D",-1.01236126088572,-1.39476363827002,-0.87371835947898,-1.53340653967676,0.659688180197783
"381",-1.15740486011311,0.0994145169218231,2013,9,"WAH3","D",-0.958575826269468,-1.35623389395676,-0.814401857872414,-1.50040786235381,0.6860060044814
"382",-1.11141533656423,0.104513512755498,2014,9,"WAH3","D",-0.902388311053237,-1.32044236207523,-0.75081962318318,-1.47201104994529,0.721191426762108
"383",-1.06576571990017,0.111005422197022,2015,9,"WAH3","D",-0.84375487550613,-1.28777656429422,-0.68277142231166,-1.44876001748869,0.765988595177028
"384",-1.02054893235604,0.119023024206658,2016,9,"WAH3","D",-0.782502883942724,-1.25859498076936,-0.609892059469406,-1.43120580524267,0.821313745773267
"385",-0.97575033951187,0.128733912139087,2017,9,"WAH3","D",-0.718282515233697,-1.23321816379004,-0.531588664526109,-1.41991201449763,0.888323349971522
"386",-0.931257951143093,0.140201834313084,2018,9,"WAH3","D",-0.650854282516926,-1.21166161976926,-0.447529300860989,-1.4149866014252,0.967457300564209
"387",-0.886912360437696,0.153250234047597,2019,9,"WAH3","D",-0.580411892342502,-1.19341282853289,-0.358163722914752,-1.41566099796064,1.05749727504589
"388",-3.58126667285475,0.167198060356889,1977,10,"WAH3","D",-3.24687055214098,-3.91566279356853,-3.00439481905565,-4.15813852665386,1.15374370759821
"389",-3.57976012686709,0.139440047696968,1978,10,"WAH3","D",-3.30088003147315,-3.85864022226103,-3.09865981603163,-4.06086043770255,0.962200621670926
"390",-3.57812297096478,0.117148709740687,1979,10,"WAH3","D",-3.3438255514834,-3.81242039044615,-3.17393291508714,-3.98231302684241,0.808380111755271
"391",-3.57585722307109,0.101673341376137,1980,10,"WAH3","D",-3.37251054031882,-3.77920390582337,-3.22506075571731,-3.92665369042488,0.701592934707566
"392",-3.57190924944503,0.0921127216195448,1981,10,"WAH3","D",-3.38768380620594,-3.75613469268412,-3.25409912434115,-3.8897193745489,0.635620250207746
"393",-3.56470485722985,0.0862587871773377,1982,10,"WAH3","D",-3.39218728287518,-3.73722243158453,-3.26709215550808,-3.86231755895162,0.595225403443541
"394",-3.55241565281008,0.0825288281351543,1983,10,"WAH3","D",-3.38735799653977,-3.71747330908039,-3.26767216968251,-3.83715913593765,0.56948696625514
"395",-3.533405689748,0.080375534043363,1984,10,"WAH3","D",-3.37265462166127,-3.69415675783473,-3.25609156765401,-3.81071981184199,0.554628244187972
"396",-3.50674187244401,0.0794244178876068,1985,10,"WAH3","D",-3.3478930366688,-3.66559070821923,-3.23270932035615,-3.78077442453187,0.548065104175723
"397",-3.47261608884315,0.0790618559813067,1986,10,"WAH3","D",-3.31449237688054,-3.63073980080577,-3.19983445891646,-3.74539771876985,0.545563259853393
"398",-3.43253695226768,0.0788583244322533,1987,10,"WAH3","D",-3.27482030340318,-3.59025360113219,-3.16045755310705,-3.70461635142831,0.544158798321262
"399",-3.38920463652821,0.0788539185437273,1988,10,"WAH3","D",-3.23149679944076,-3.54691247361567,-3.11714043869872,-3.6612688343577,0.544128395658981
"400",-3.34606892124641,0.0791839101746445,1989,10,"WAH3","D",-3.18770110089712,-3.5044367415957,-3.07286617621453,-3.6192716662783,0.546405490063773
"401",-3.30666310337248,0.0796283078684348,1990,10,"WAH3","D",-3.14740648763561,-3.46591971910935,-3.0319270838463,-3.58139912289866,0.549472039052363
"402",-3.27387698125743,0.0797642291820643,1991,10,"WAH3","D",-3.1143485228933,-3.43340543962155,-2.99867200186415,-3.54908196065071,0.550409958786561
"403",-3.24935856763565,0.0794739573138259,1992,10,"WAH3","D",-3.090410653008,-3.4083064822633,-2.9751550931066,-3.52356204216471,0.548406949058112
"404",-3.23320705355299,0.0790701976059774,1993,10,"WAH3","D",-3.07506665834104,-3.39134744876495,-2.96039664309812,-3.50601746400787,0.54562082090975
"405",-3.22404503430979,0.0788648600746488,1994,10,"WAH3","D",-3.06631531416049,-3.38177475445909,-2.95194308567618,-3.4961469829434,0.544203897267224
"406",-3.21945638528491,0.0787708273674349,1995,10,"WAH3","D",-3.06191473055004,-3.37699804001978,-2.94767887116933,-3.49123389940048,0.543555028231154
"407",-3.21667593229734,0.0784766111621999,1996,10,"WAH3","D",-3.05972270997294,-3.37362915462174,-2.94591353191794,-3.48743833267673,0.541524800758786
"408",-3.21334665293641,0.0779121937495352,1997,10,"WAH3","D",-3.05752226543734,-3.36917104043549,-2.94453162275058,-3.48216168312225,0.537630060371662
"409",-3.20813975158748,0.0773434480862418,1998,10,"WAH3","D",-3.05345285541499,-3.36282664775996,-2.94128702505771,-3.47499247811725,0.533705453059544
"410",-3.20106868266008,0.0769949154331502,1999,10,"WAH3","D",-3.04707885179378,-3.35505851352638,-2.93541847413362,-3.46671889118654,0.531300417052915
"411",-3.19341040351677,0.0767689085275803,2000,10,"WAH3","D",-3.03987258646161,-3.34694822057193,-2.9285399709178,-3.45828083611575,0.529740865197956
"412",-3.18725323966712,0.076476971651411,2001,10,"WAH3","D",-3.0342992963643,-3.34020718296994,-2.92339005659358,-3.45111642274066,0.527726366147086
"413",-3.18479168194527,0.0762202588340172,2002,10,"WAH3","D",-3.03235116427724,-3.33723219961331,-2.92181421727389,-3.44776914661665,0.525954929342762
"414",-3.1875568337662,0.07631875833314,2003,10,"WAH3","D",-3.03491931709992,-3.34019435043248,-2.92423952311493,-3.45087414441747,0.526634621302537
"415",-3.19578891427616,0.0768489266359717,2004,10,"WAH3","D",-3.04209106100422,-3.34948676754811,-2.93064240075599,-3.46093542779634,0.530293027040345
"416",-3.20812102555006,0.0774685394151133,2005,10,"WAH3","D",-3.05318394671984,-3.36305810438029,-2.94083670509733,-3.47540534600279,0.534568640905459
"417",-3.22166195640614,0.0778262063855861,2006,10,"WAH3","D",-3.06600954363496,-3.37731436917731,-2.95314360244932,-3.49018031036296,0.53703670791364
"418",-3.23246235781796,0.0779876274914073,2007,10,"WAH3","D",-3.07648710283515,-3.38843761280078,-2.9633870638323,-3.50153765180362,0.538150587971322
"419",-3.23625074957292,0.0782792960273822,2008,10,"WAH3","D",-3.07969215751816,-3.39280934162769,-2.96616913189736,-3.50633236724849,0.540163235351126
"420",-3.22925892164735,0.0787672092603911,2009,10,"WAH3","D",-3.07172450312656,-3.38679334016813,-2.95749389083518,-3.50102395245951,0.543530061624327
"421",-3.2089370063778,0.0791388424044566,2010,10,"WAH3","D",-3.05065932156889,-3.36721469118672,-2.93588975554292,-3.48198425721269,0.546094501669775
"422",-3.17439058224589,0.0791930779978534,2011,10,"WAH3","D",-3.01600442625018,-3.33277673824159,-2.9011562061104,-3.44762495838138,0.546468752270983
"423",-3.12644596530282,0.0792091385388865,2012,10,"WAH3","D",-2.96802768822505,-3.28486424238059,-2.85315617659819,-3.39973575400745,0.546579577409254
"424",-3.06734521619448,0.0795801634444583,2013,10,"WAH3","D",-2.90818488930557,-3.2265055430834,-2.79277530603016,-3.34191512635881,0.549139820328651
"425",-3.00016428765607,0.0802125420918766,2014,10,"WAH3","D",-2.83973920347231,-3.16058937183982,-2.72341252537061,-3.27691604994152,0.553503524570919
"426",-2.92811282626083,0.080825345385023,2015,10,"WAH3","D",-2.76646213549078,-3.08976351703088,-2.64924675133934,-3.20697890118231,0.557732149842971
"427",-2.85389682603719,0.0822217404270744,2016,10,"WAH3","D",-2.68945334518305,-3.01834030689134,-2.570212866298,-3.13758078577639,0.567367919478391
"428",-2.77930169695728,0.0869549197498388,2017,10,"WAH3","D",-2.6053918574576,-2.95321153645696,-2.47928717737512,-3.07931621653945,0.600029039164331
"429",-2.70509215427595,0.0976567395409773,2018,10,"WAH3","D",-2.509778675194,-2.90040563335791,-2.3681538892343,-3.04203041931761,0.67387653008331
"430",-2.63124618951702,0.114456659505289,2019,10,"WAH3","D",-2.40233287050644,-2.8601595085276,-2.23634432757237,-3.02614805146167,0.789803723889298
