"","Seascapes","lag","si","cmi","bcmi","z"
"1","1 & 2",0,1.09167103599258,0.482336578761529,0.389954420111639,3.37853147742967
"2","1 & 2",1,1.09167103599258,0.455166977884544,0.367291462213649,3.22186488895619
"3","1 & 2",2,1.09167103599258,0.454674601261342,0.33608373028707,2.80120207177722
"4","1 & 2",3,1.09167103599258,0.281992080144581,0.130063936856203,1.43875269310067
"5","1 & 2",4,1.09167103599258,0.366578870255815,0.283372267435051,2.63907923514845
"6","1 & 2",5,1.09167103599258,0.290290488939299,0.165326424949028,2.01796694068822
"7","1 & 2",6,1.09167103599258,0.297054286070182,0.182471196729168,2.10113106493848
"8","1 & 2",7,1.09167103599258,0.310613153418851,0.177718968045367,2.50900940611828
"9","1 & 2",8,1.09167103599258,0.356648016275892,0.242102780371536,2.57443123276847
"10","1 & 2",9,1.09167103599258,0.283821617368157,0.163737250544711,1.9533428492482
"11","1 & 2",10,1.09167103599258,0.354475359629764,0.268254208155613,2.92507068588822
"12","1 & 3",0,1.09167103599258,0.251015365383208,0.0674109173019656,0.814445814004202
"13","1 & 3",1,1.09167103599258,0.336345590739959,0.176749584541741,1.91743438076301
"14","1 & 3",2,1.09167103599258,0.250349336168818,0.134263499311414,1.63712720763459
"15","1 & 3",3,1.09167103599258,0.28812002241815,0.169092630155581,1.76483914127662
"16","1 & 3",4,1.09167103599258,0.185131981021504,0.0422087853231089,0.503661315798967
"17","1 & 3",5,1.09167103599258,0.242228386993535,0.132502904687867,1.76253834853724
"18","1 & 3",6,1.09167103599258,0.142828169962135,-0.00634260127900513,-0.102320924940069
"19","1 & 3",7,1.09167103599258,0.131323287079029,-0.0110208830621462,-0.212033558824691
"20","1 & 3",8,1.09167103599258,0.243261243084041,0.131837956502021,1.68403534907355
"21","1 & 3",9,1.09167103599258,0.201078169734782,0.104899823198823,1.60194466972434
"22","1 & 3",10,1.09167103599258,0.0916231527530744,-0.0502285069950299,-0.950701077795817
"23","1 & 4",0,1.09167103599258,0.346306321415252,0.26131350497348,2.58720605350188
"24","1 & 4",1,1.09167103599258,0.205506079863083,0.0842182011374373,0.883044718718376
"25","1 & 4",2,1.09167103599258,0.182093769480875,0.0920207070253415,1.19027030779188
"26","1 & 4",3,1.09167103599258,0.191304606099838,0.0929251599951205,1.22097348604332
"27","1 & 4",4,1.09167103599258,0.181342473754855,0.1038055853128,1.47358041451755
"28","1 & 4",5,1.09167103599258,0.199304147106387,0.128592600807905,1.49058566141104
"29","1 & 4",6,1.09167103599258,0.107172359606377,-0.0582498534974148,-0.702622552753599
"30","1 & 4",7,1.09167103599258,0.125009140810591,-0.0200540263549242,-0.21560486683324
"31","1 & 4",8,1.09167103599258,0.118072971746461,-0.00703257603379908,-0.139381365202528
"32","1 & 4",9,1.09167103599258,0.149841481576438,0.062534086290547,0.827432182506204
"33","1 & 4",10,1.09167103599258,0.138166030005374,0.0287002395385827,0.468213161066485
"34","1 & 5",0,1.09167103599258,0.147461424707284,0.0493961290654098,0.756020071634845
"35","1 & 5",1,1.09167103599258,0.256263052537036,0.198495078049402,2.42801225153695
"36","1 & 5",2,1.09167103599258,0.0929725980617553,0.0162745935245621,0.243813232180821
"37","1 & 5",3,1.09167103599258,0.114825652567806,0.037885144572318,0.615603580221726
"38","1 & 5",4,1.09167103599258,0.104337523937207,0.0148465155208288,0.216535693273778
"39","1 & 5",5,1.09167103599258,0.147784104261223,0.0698248841433284,0.993945980875482
"40","1 & 5",6,1.09167103599258,0.151971058989431,0.0718031850891926,1.00676385864937
"41","1 & 5",7,1.09167103599258,0.249956329492412,0.17044397788876,1.71911934532757
"42","1 & 5",8,1.09167103599258,0.155133008796615,0.0790864493640261,1.05044688412778
"43","1 & 5",9,1.09167103599258,0.116990814846298,0.0442520833972848,0.545533013001475
"44","1 & 5",10,1.09167103599258,0.204009493211805,0.172937158672968,1.91716266869297
"45","1 & 6",0,1.09167103599258,0.39159041511123,0.20391950815679,1.98918396462448
"46","1 & 6",1,1.09167103599258,0.399297228437788,0.246365484653784,2.75170391364924
"47","1 & 6",2,1.09167103599258,0.243717815804473,0.0539646196815989,0.793180658082314
"48","1 & 6",3,1.09167103599258,0.186215814389848,3.97999615592726e-05,0.000523934138703761
"49","1 & 6",4,1.09167103599258,0.142475865283629,-0.0405463177131358,-0.600628026657962
"50","1 & 6",5,1.09167103599258,0.104639802238172,-0.116510827838736,-1.73430325797462
"51","1 & 6",6,1.09167103599258,0.18779455137891,0.0304898647552242,0.412679394333309
"52","1 & 6",7,1.09167103599258,0.206604053847157,0.0473409949646118,0.668713797544749
"53","1 & 6",8,1.09167103599258,0.289964966219288,0.170239119290599,1.84161766280666
"54","1 & 6",9,1.09167103599258,0.172170394651473,0.0239212690173559,0.333212415575221
"55","1 & 6",10,1.09167103599258,0.116639232401767,-0.0306578746124392,-0.6411730912788
"56","1 & 7",0,1.09167103599258,0.202630419857134,0.0996092469303533,1.1274283170377
"57","1 & 7",1,1.09167103599258,0.190756943346661,0.076755717786761,0.967176002371157
"58","1 & 7",2,1.09167103599258,0.209612286813459,0.118721583037191,1.13761084550091
"59","1 & 7",3,1.09167103599258,0.172862334176452,0.0897796662548102,1.06538763067376
"60","1 & 7",4,1.09167103599258,0.157515912827183,0.0627909680388211,0.855250633943257
"61","1 & 7",5,1.09167103599258,0.19959200227571,0.102611239824733,1.0800654356348
"62","1 & 7",6,1.09167103599258,0.179076138160011,0.0915941830010392,1.34942685201563
"63","1 & 7",7,1.09167103599258,0.198026457973186,0.129090374072132,2.07992316020191
"64","1 & 7",8,1.09167103599258,0.155041127114396,0.074641146327762,1.19843514147785
"65","1 & 7",9,1.09167103599258,0.186706959272632,0.120108830278629,1.53081284273863
"66","1 & 7",10,1.09167103599258,0.150778824753489,0.0814498372686682,1.21893063719301
"67","1 & 8",0,1.09167103599258,0.361718276199348,0.255034238688674,2.53806763394915
"68","1 & 8",1,1.09167103599258,0.3966611577988,0.323733208918304,3.07833955310618
"69","1 & 8",2,1.09167103599258,0.176935522169512,0.0597475874415401,0.721743447616556
"70","1 & 8",3,1.09167103599258,0.154014881488767,0.0402333043890466,0.513702772075846
"71","1 & 8",4,1.09167103599258,0.168379282117203,0.0677892996504639,1.06162360581401
"72","1 & 8",5,1.09167103599258,0.148398393341116,0.0537305463129908,0.838640163022742
"73","1 & 8",6,1.09167103599258,0.204465954193464,0.129361660349971,1.73839319426809
"74","1 & 8",7,1.09167103599258,0.226521772075956,0.135223530260086,1.38600750751239
"75","1 & 8",8,1.09167103599258,0.181004952272875,0.0814109225414218,1.06223783602765
"76","1 & 8",9,1.09167103599258,0.136377004436993,0.0245915001709884,0.244706355881056
"77","1 & 8",10,1.09167103599258,0.133439567022737,0.0565579129411008,0.806181079982686
"78","1 & 9",0,1.09167103599258,0.245073994626748,0.1474056886669,1.64240186034563
"79","1 & 9",1,1.09167103599258,0.228315314479225,0.131003424726939,1.32350899137135
"80","1 & 9",2,1.09167103599258,0.0826616980542281,-0.047499818890139,-0.619662229090027
"81","1 & 9",3,1.09167103599258,0.105361383504331,-0.0119129471722654,-0.156584453623222
"82","1 & 9",4,1.09167103599258,0.0763924510965892,-0.0438146752899595,-0.735197379078326
"83","1 & 9",5,1.09167103599258,0.0596681849002394,-0.0560520484242667,-1.14745727214211
"84","1 & 9",6,1.09167103599258,0.0902003130877471,-0.016534587384596,-0.294904410019594
"85","1 & 9",7,1.09167103599258,0.132848154005781,0.061632937287781,1.13875675936901
"86","1 & 9",8,1.09167103599258,0.120365333169052,0.0272861849288114,0.318767219546714
"87","1 & 9",9,1.09167103599258,0.12234032781881,0.0607438600584761,0.918936796597244
"88","1 & 9",10,1.09167103599258,0.166321484351443,0.0998865841548537,1.19055127251533
"89","1 & 10",0,1.09167103599258,0.280291814962459,0.169472503230017,1.99346851085285
"90","1 & 10",1,1.09167103599258,0.222689591986621,0.0970235142312477,1.33208683375679
"91","1 & 10",2,1.09167103599258,0.174038767736919,0.0198307074972258,0.257518975434856
"92","1 & 10",3,1.09167103599258,0.201584861503393,0.0630071842483347,0.861912380077485
"93","1 & 10",4,1.09167103599258,0.245555283029828,0.13092887586633,1.89731232535967
"94","1 & 10",5,1.09167103599258,0.218481285976146,0.0848146455044412,1.04732749078664
"95","1 & 10",6,1.09167103599258,0.196946493609362,0.0532534614632591,0.612809557814897
"96","1 & 10",7,1.09167103599258,0.16375457276562,0.0131339150737045,0.175174906944495
"97","1 & 10",8,1.09167103599258,0.190842903142084,0.0695083777334101,0.885569351452916
"98","1 & 10",9,1.09167103599258,0.16656505480323,0.0506129572477853,0.852740685797059
"99","1 & 10",10,1.09167103599258,0.185792238161702,0.0593591642356497,0.659705389992513
"100","2 & 3",0,1.53859443284384,0.508024788698099,0.400460456952227,2.8078546654156
"101","2 & 3",1,1.53859443284384,0.508913470265166,0.402787164162023,2.64383200442416
"102","2 & 3",2,1.53859443284384,0.528991251795975,0.441980170440312,3.51132832521829
"103","2 & 3",3,1.53859443284384,0.483822245063639,0.390742878056894,3.03979794543158
"104","2 & 3",4,1.53859443284384,0.522368390178426,0.428512975820829,2.66660716499193
"105","2 & 3",5,1.53859443284384,0.402283913062134,0.292834345231708,2.59547553399731
"106","2 & 3",6,1.53859443284384,0.466244095993555,0.410052354103067,3.3913429187436
"107","2 & 3",7,1.53859443284384,0.346239136868984,0.238181858163189,2.35220509272655
"108","2 & 3",8,1.53859443284384,0.360532794356775,0.261002562086027,2.56974763117916
"109","2 & 3",9,1.53859443284384,0.456316445994002,0.350139179353257,2.13744127689231
"110","2 & 3",10,1.53859443284384,0.326431580606802,0.178752933741235,1.45801469842256
"111","2 & 4",0,1.53859443284384,0.411229012619485,0.360039198169106,3.18171115990925
"112","2 & 4",1,1.53859443284384,0.350103688872572,0.297160543696305,3.38082507658237
"113","2 & 4",2,1.53859443284384,0.293559322493526,0.194178191247133,2.52227668170149
"114","2 & 4",3,1.53859443284384,0.36345596822124,0.326289250013142,2.49457450698428
"115","2 & 4",4,1.53859443284384,0.32705038296222,0.258053168190682,2.12614346966734
"116","2 & 4",5,1.53859443284384,0.389052615644336,0.334318154755563,2.41762024467847
"117","2 & 4",6,1.53859443284384,0.236227740122136,0.148324972491357,2.01818213725427
"118","2 & 4",7,1.53859443284384,0.254908192891001,0.11525290523407,1.41952574912678
"119","2 & 4",8,1.53859443284384,0.370839450548301,0.295614623628876,2.51531422752044
"120","2 & 4",9,1.53859443284384,0.326841315475921,0.270698045002775,2.96791896826976
"121","2 & 4",10,1.53859443284384,0.431739734342036,0.371256751471816,2.45018091257885
"122","2 & 5",0,1.53859443284384,0.367510205204393,0.280655305479406,2.81480023460296
"123","2 & 5",1,1.53859443284384,0.231694567026424,0.13797701518248,1.77942583606238
"124","2 & 5",2,1.53859443284384,0.234698836653644,0.160680859349904,2.4493768092715
"125","2 & 5",3,1.53859443284384,0.295692364340113,0.245070572304894,2.29859217774767
"126","2 & 5",4,1.53859443284384,0.269327427318558,0.175683156443664,1.67027838457528
"127","2 & 5",5,1.53859443284384,0.289065004592214,0.182661356450628,1.86386699917495
"128","2 & 5",6,1.53859443284384,0.354694747782665,0.356121158943581,2.57826453303516
"129","2 & 5",7,1.53859443284384,0.288628739367468,0.242592930330952,1.72433637405299
"130","2 & 5",8,1.53859443284384,0.332113771993148,0.288495924109937,1.80581555132063
"131","2 & 5",9,1.53859443284384,0.252268159990202,0.186660689943937,2.2632681350888
"132","2 & 5",10,1.53859443284384,0.249963549027732,0.176013645937561,1.73820888118889
"133","2 & 6",0,1.53859443284384,0.606647612843981,0.4904522554943,3.56136578747471
"134","2 & 6",1,1.53859443284384,0.540951874091177,0.411391450477911,2.94845496917509
"135","2 & 6",2,1.53859443284384,0.51447405950589,0.355972887069239,2.75092927687517
"136","2 & 6",3,1.53859443284384,0.503815086036122,0.37911389404231,3.03544998321151
"137","2 & 6",4,1.53859443284384,0.488907648306272,0.355712858247789,2.6564113058097
"138","2 & 6",5,1.53859443284384,0.6123822327166,0.503106466606867,3.41496628294856
"139","2 & 6",6,1.53859443284384,0.542001625272888,0.443946723562569,2.82316236907097
"140","2 & 6",7,1.53859443284384,0.485106718900237,0.335887649040535,2.31508847542265
"141","2 & 6",8,1.53859443284384,0.398623386584175,0.27651728640555,2.29736848505405
"142","2 & 6",9,1.53859443284384,0.399770995868646,0.246558468432293,2.32791661539498
"143","2 & 6",10,1.53859443284384,0.422203353917728,0.329330625490017,2.52388632809188
"144","2 & 7",0,1.53859443284384,0.392122161803852,0.28771842879212,2.20524770576554
"145","2 & 7",1,1.53859443284384,0.410655739967745,0.296173523344652,2.75380046238814
"146","2 & 7",2,1.53859443284384,0.438560534607702,0.361944786574566,2.6138306707334
"147","2 & 7",3,1.53859443284384,0.515465097607935,0.468692633129157,2.73493917796555
"148","2 & 7",4,1.53859443284384,0.355147356630579,0.261780679570101,2.75552174289578
"149","2 & 7",5,1.53859443284384,0.330403041020535,0.227371378181389,2.53978123694942
"150","2 & 7",6,1.53859443284384,0.340628399559366,0.259109339206402,2.17752848588387
"151","2 & 7",7,1.53859443284384,0.285113231475545,0.200632574534982,1.93126399825201
"152","2 & 7",8,1.53859443284384,0.358353110219356,0.26662310457481,2.17806279834085
"153","2 & 7",9,1.53859443284384,0.332044112652214,0.252756283234757,2.20772947392767
"154","2 & 7",10,1.53859443284384,0.269860831844828,0.163705191537834,1.85678890002831
"155","2 & 8",0,1.53859443284384,0.470954218043155,0.404000553829397,3.45311707983468
"156","2 & 8",1,1.53859443284384,0.471097413147033,0.352322813752025,2.72287487708922
"157","2 & 8",2,1.53859443284384,0.434875959811232,0.317041047673713,2.23381853250651
"158","2 & 8",3,1.53859443284384,0.337988534026794,0.212890429268426,2.23390138593563
"159","2 & 8",4,1.53859443284384,0.48599152112733,0.387612064783331,3.81819065327946
"160","2 & 8",5,1.53859443284384,0.490418393691279,0.435797000630253,2.84934615181442
"161","2 & 8",6,1.53859443284384,0.435496814066002,0.384170889519006,2.47311679849008
"162","2 & 8",7,1.53859443284384,0.461200681669835,0.419497663689747,2.47441196498664
"163","2 & 8",8,1.53859443284384,0.326535889213711,0.262364949461111,3.18932847762952
"164","2 & 8",9,1.53859443284384,0.301717118457616,0.209555993089938,2.48121541917213
"165","2 & 8",10,1.53859443284384,0.343761692704127,0.274575870090354,2.1462078557212
"166","2 & 9",0,1.53859443284384,0.420203394825796,0.367340016815874,2.76641068355443
"167","2 & 9",1,1.53859443284384,0.419719119786121,0.3265797388859,2.6059496860886
"168","2 & 9",2,1.53859443284384,0.38125900777188,0.298202719838096,2.79236955330938
"169","2 & 9",3,1.53859443284384,0.29879926305486,0.219033064849519,2.86679111007941
"170","2 & 9",4,1.53859443284384,0.361733313315133,0.285011044039552,2.45161902853612
"171","2 & 9",5,1.53859443284384,0.374559678784143,0.305563105826506,3.39972676225068
"172","2 & 9",6,1.53859443284384,0.364260705945553,0.313348323325503,2.06811360398908
"173","2 & 9",7,1.53859443284384,0.391655229398852,0.337292195990323,3.20985221803895
"174","2 & 9",8,1.53859443284384,0.322791852554121,0.263536880097521,2.72503771024852
"175","2 & 9",9,1.53859443284384,0.280282925676602,0.222740905407472,2.15970828588098
"176","2 & 9",10,1.53859443284384,0.32345641540343,0.295584207898681,2.01507677378393
"177","2 & 10",0,1.53859443284384,0.483315681066087,0.426726657391063,3.45400058521856
"178","2 & 10",1,1.53859443284384,0.462785916465644,0.420724927632489,3.27796151104678
"179","2 & 10",2,1.53859443284384,0.428445837611115,0.314487635961195,2.67327957323064
"180","2 & 10",3,1.53859443284384,0.404476313692002,0.307953094768737,3.444778668059
"181","2 & 10",4,1.53859443284384,0.419117956176366,0.321126300038281,2.59418134819476
"182","2 & 10",5,1.53859443284384,0.57247825798725,0.543947053952937,3.70120177624387
"183","2 & 10",6,1.53859443284384,0.3624967741904,0.250950829635895,1.95003962541086
"184","2 & 10",7,1.53859443284384,0.331120331225514,0.247838120100444,2.01676617960407
"185","2 & 10",8,1.53859443284384,0.360434956681031,0.261768527148068,2.50397911629796
"186","2 & 10",9,1.53859443284384,0.439415854242387,0.35997026938619,2.67908446847086
"187","2 & 10",10,1.53859443284384,0.414360684304196,0.294420873132589,2.1845209865608
"188","3 & 4",0,1.27733795167889,0.389704083747337,0.289444800045836,3.08903289929598
"189","3 & 4",1,1.27733795167889,0.264506597169285,0.131661873595687,1.33607820600123
"190","3 & 4",2,1.27733795167889,0.29594032041275,0.211085647999105,2.30233961513526
"191","3 & 4",3,1.27733795167889,0.222685334104822,0.111482432531847,1.36342593094733
"192","3 & 4",4,1.27733795167889,0.254938382220355,0.167054657370076,1.93991011183195
"193","3 & 4",5,1.27733795167889,0.181648920793114,0.0767385512862273,1.06145281152966
"194","3 & 4",6,1.27733795167889,0.221406692586138,0.0661365722541683,0.703536836174904
"195","3 & 4",7,1.27733795167889,0.32015249922732,0.199769405771161,2.00443812334957
"196","3 & 4",8,1.27733795167889,0.409015167014871,0.323406580792339,3.4503633175938
"197","3 & 4",9,1.27733795167889,0.333558875756238,0.22135931608742,1.92358042509501
"198","3 & 4",10,1.27733795167889,0.291378130424694,0.185110659819491,1.93922250940128
"199","3 & 5",0,1.27733795167889,0.380435697970893,0.281667943856842,3.0646115057541
"200","3 & 5",1,1.27733795167889,0.395929698795642,0.327143652640258,3.90039483329873
"201","3 & 5",2,1.27733795167889,0.294216537014896,0.204643902358918,2.05542683026259
"202","3 & 5",3,1.27733795167889,0.319473434585434,0.263799426385992,2.79166712721851
"203","3 & 5",4,1.27733795167889,0.224568207400298,0.127867145560845,1.5261469834216
"204","3 & 5",5,1.27733795167889,0.235613746756121,0.173084117317623,2.0541313835946
"205","3 & 5",6,1.27733795167889,0.1776928455931,0.054469298766292,0.57343330267993
"206","3 & 5",7,1.27733795167889,0.144329368541841,0.0233920072175213,0.246806253927647
"207","3 & 5",8,1.27733795167889,0.143703896131374,0.0193246019517212,0.202747605787733
"208","3 & 5",9,1.27733795167889,0.189055840384916,0.0889247590838028,1.06099187910637
"209","3 & 5",10,1.27733795167889,0.162921827646975,0.0458236991043121,0.565427865213836
"210","3 & 6",0,1.27733795167889,0.566488375777561,0.399790235296479,3.47310504796801
"211","3 & 6",1,1.27733795167889,0.400791125599583,0.196141355812649,1.70342347632266
"212","3 & 6",2,1.27733795167889,0.384318988144869,0.219500501292712,2.24840793268287
"213","3 & 6",3,1.27733795167889,0.361659077746431,0.228937636607236,2.82455296108047
"214","3 & 6",4,1.27733795167889,0.262388318089559,0.0973238011566858,1.14602705697914
"215","3 & 6",5,1.27733795167889,0.299031757648395,0.158445369261561,1.84463020749964
"216","3 & 6",6,1.27733795167889,0.285592845710475,0.142999890805996,1.59708779165983
"217","3 & 6",7,1.27733795167889,0.262643729718813,0.0639149869284909,0.7229376592413
"218","3 & 6",8,1.27733795167889,0.335198449730186,0.170001423262122,1.99600002622083
"219","3 & 6",9,1.27733795167889,0.32683243256768,0.186738097142706,1.98703628993815
"220","3 & 6",10,1.27733795167889,0.230988233001378,0.065780395654033,0.867520788165228
"221","3 & 7",0,1.27733795167889,0.374779309882496,0.282469577967097,2.8887426709312
"222","3 & 7",1,1.27733795167889,0.386957370299128,0.294663344926352,3.11442501191422
"223","3 & 7",2,1.27733795167889,0.259804507398284,0.154926265487694,1.44878137204296
"224","3 & 7",3,1.27733795167889,0.267389867518266,0.167145857367939,1.53457046760635
"225","3 & 7",4,1.27733795167889,0.230378538451342,0.127490168347096,1.95850367035745
"226","3 & 7",5,1.27733795167889,0.253392296445772,0.158469781984466,1.88622940179692
"227","3 & 7",6,1.27733795167889,0.203579554427071,0.110512242753623,1.45250901635768
"228","3 & 7",7,1.27733795167889,0.274918526045156,0.204816563549219,2.25555153093491
"229","3 & 7",8,1.27733795167889,0.20523183009518,0.0839329579341424,1.07145220396858
"230","3 & 7",9,1.27733795167889,0.177599266971902,0.0672603537756658,0.758535695327866
"231","3 & 7",10,1.27733795167889,0.231521713943442,0.0949559659121785,1.48309790928097
"232","3 & 8",0,1.27733795167889,0.401801574594205,0.303191986404532,3.23219774169546
"233","3 & 8",1,1.27733795167889,0.303138288932776,0.203719850024226,2.11689039602239
"234","3 & 8",2,1.27733795167889,0.294950158155237,0.189061305118436,1.84488770857038
"235","3 & 8",3,1.27733795167889,0.234579834067159,0.0894146951082002,1.09072560386683
"236","3 & 8",4,1.27733795167889,0.305419029338732,0.221927401220216,2.65185550456944
"237","3 & 8",5,1.27733795167889,0.274579568996209,0.184437723120855,2.10395504258161
"238","3 & 8",6,1.27733795167889,0.467953781442347,0.435048923228638,3.78780043038127
"239","3 & 8",7,1.27733795167889,0.239399063220576,0.114608446404551,1.22713977225285
"240","3 & 8",8,1.27733795167889,0.231358456271514,0.0986493294276583,1.01022412405202
"241","3 & 8",9,1.27733795167889,0.240057769498467,0.143089002860041,1.67007690506826
"242","3 & 8",10,1.27733795167889,0.23404390140822,0.151689099118447,1.808914456226
"243","3 & 9",0,1.27733795167889,0.166395376331143,0.0241668779360977,0.257514194339617
"244","3 & 9",1,1.27733795167889,0.180884695475047,0.057281055593935,0.734149478590505
"245","3 & 9",2,1.27733795167889,0.215098231919927,0.116029752048172,1.29583935022563
"246","3 & 9",3,1.27733795167889,0.139918867886678,-0.00377916910401985,-0.0479120230655578
"247","3 & 9",4,1.27733795167889,0.157724919302134,0.0594657652961071,0.885922148831054
"248","3 & 9",5,1.27733795167889,0.165760114469466,0.055126642998194,0.754832012954598
"249","3 & 9",6,1.27733795167889,0.171507736050117,0.057387763117449,0.692833095080183
"250","3 & 9",7,1.27733795167889,0.281466207306428,0.186814831278813,1.87834179649145
"251","3 & 9",8,1.27733795167889,0.244754778280056,0.135952206506194,1.45944609114885
"252","3 & 9",9,1.27733795167889,0.322184014276419,0.286147137786914,1.97634748932998
"253","3 & 9",10,1.27733795167889,0.36243038133702,0.303667479533023,2.99349657647661
"254","3 & 10",0,1.27733795167889,0.359678163172133,0.203999471249575,1.86419501776804
"255","3 & 10",1,1.27733795167889,0.389363246618705,0.25364171548522,2.37729008944797
"256","3 & 10",2,1.27733795167889,0.275586012582388,0.117498157566654,1.37974623340078
"257","3 & 10",3,1.27733795167889,0.281696929263735,0.0936474102809986,0.985847196231208
"258","3 & 10",4,1.27733795167889,0.361773337549102,0.226453083498342,2.66866483902526
"259","3 & 10",5,1.27733795167889,0.31451795440017,0.165048585570182,1.46408202907196
"260","3 & 10",6,1.27733795167889,0.191663018767108,0.0110026343153439,0.130296712281922
"261","3 & 10",7,1.27733795167889,0.244843025534013,0.0637186060963888,0.661734748769877
"262","3 & 10",8,1.27733795167889,0.272809951269779,0.120008947093152,1.27425985853508
"263","3 & 10",9,1.27733795167889,0.259194932551206,0.0839288175853124,0.864968944273891
"264","3 & 10",10,1.27733795167889,0.332068010046709,0.195086415810726,1.48253392735803
"265","4 & 5",0,0.972456916947236,0.308831285338874,0.251766150539771,2.45887045521767
"266","4 & 5",1,0.972456916947236,0.270502524549446,0.204347761672054,2.27282397334375
"267","4 & 5",2,0.972456916947236,0.238644741413398,0.183037853085282,2.21314434775728
"268","4 & 5",3,0.972456916947236,0.217425976468748,0.186586114183065,1.58965490772573
"269","4 & 5",4,0.972456916947236,0.15700903405969,0.0960323708364401,1.25803702240085
"270","4 & 5",5,0.972456916947236,0.15122704032442,0.102642550621337,1.29035078918799
"271","4 & 5",6,0.972456916947236,0.170878989520446,0.121901927112712,1.4542513901212
"272","4 & 5",7,0.972456916947236,0.11944936703497,0.0742655696678061,0.9906710697032
"273","4 & 5",8,0.972456916947236,0.146174285917078,0.100873850111922,0.943404184562616
"274","4 & 5",9,0.972456916947236,0.105114084333609,0.0563692644203078,0.860842798744714
"275","4 & 5",10,0.972456916947236,0.184278685351653,0.148251645729232,2.08157661899228
"276","4 & 6",0,0.972456916947236,0.336133054594407,0.220739746646902,2.42332415287027
"277","4 & 6",1,0.972456916947236,0.284563176351315,0.147461933166081,1.69333646159672
"278","4 & 6",2,0.972456916947236,0.270109190842023,0.133884887538245,1.20833979650778
"279","4 & 6",3,0.972456916947236,0.177950550204273,0.0833425469301079,1.08595618169583
"280","4 & 6",4,0.972456916947236,0.199178818149471,0.104049465303655,1.35755439047729
"281","4 & 6",5,0.972456916947236,0.24567687940043,0.173529298720298,2.26556568548458
"282","4 & 6",6,0.972456916947236,0.151709733081693,0.0437037585875778,0.764590306686784
"283","4 & 6",7,0.972456916947236,0.192516342678701,0.0990597229308479,1.23824793175299
"284","4 & 6",8,0.972456916947236,0.207382241802193,0.128537952300678,1.64281115795683
"285","4 & 6",9,0.972456916947236,0.216929351340274,0.142917351194757,1.70173607990805
"286","4 & 6",10,0.972456916947236,0.14896973973851,0.039775333474141,0.431251219386046
"287","4 & 7",0,0.972456916947236,0.180504959417857,0.110832276792334,1.56778442185253
"288","4 & 7",1,0.972456916947236,0.201552501490558,0.108222140862705,1.25521139701215
"289","4 & 7",2,0.972456916947236,0.133998453163002,0.0294408988381915,0.399685338047057
"290","4 & 7",3,0.972456916947236,0.135519469346178,0.0573866686565397,1.08128576959977
"291","4 & 7",4,0.972456916947236,0.16431747612781,0.095831453963833,1.70220334698868
"292","4 & 7",5,0.972456916947236,0.138380795783999,0.0620542596771671,0.995980778898757
"293","4 & 7",6,0.972456916947236,0.161463947727608,0.118498962418162,1.69591081397428
"294","4 & 7",7,0.972456916947236,0.139231985567736,0.0815979599767455,1.23895199121761
"295","4 & 7",8,0.972456916947236,0.151476311852539,0.103853457329802,1.49031347001793
"296","4 & 7",9,0.972456916947236,0.206424968721961,0.162483695846619,1.83759427089192
"297","4 & 7",10,0.972456916947236,0.2087260239806,0.162949866250712,1.82968532157076
"298","4 & 8",0,0.972456916947236,0.222384279591487,0.153487459955409,2.25117292679401
"299","4 & 8",1,0.972456916947236,0.155116739021662,0.0698460426680524,1.06608372737728
"300","4 & 8",2,0.972456916947236,0.253569492583276,0.195137116858824,1.68526302277006
"301","4 & 8",3,0.972456916947236,0.153931525085493,0.0778989559047171,1.30716435862429
"302","4 & 8",4,0.972456916947236,0.0982212761157637,0.0200906534539773,0.437349502068918
"303","4 & 8",5,0.972456916947236,0.222736419176008,0.180885468315409,2.53306286133449
"304","4 & 8",6,0.972456916947236,0.199841945086593,0.152711206545284,2.27488544940819
"305","4 & 8",7,0.972456916947236,0.207393351938239,0.160037433236811,1.50988657902171
"306","4 & 8",8,0.972456916947236,0.260887677111409,0.225091239651728,2.45579491676449
"307","4 & 8",9,0.972456916947236,0.248830238326226,0.20505639433757,2.00119323690953
"308","4 & 8",10,0.972456916947236,0.314488206013923,0.285212499516923,2.86755659420491
"309","4 & 9",0,0.984810345430082,0.146539959146788,0.0662168780341952,0.899058807239651
"310","4 & 9",1,0.984810345430082,0.161587158084626,0.0779567313850307,1.13583789274619
"311","4 & 9",2,0.984810345430082,0.163026480034285,0.0953939022225027,1.54167238030058
"312","4 & 9",3,0.984810345430082,0.141883448771075,0.079767302724457,1.29080384263303
"313","4 & 9",4,0.984810345430082,0.119657334344872,0.0674592355558239,1.31242479777165
"314","4 & 9",5,0.984810345430082,0.0742339971670907,0.0281573778717247,0.609601940038909
"315","4 & 9",6,0.984810345430082,0.0940915156015891,0.0476243623138864,0.826358390203866
"316","4 & 9",7,0.984810345430082,0.132367206296621,0.0719425253837505,1.05018202422382
"317","4 & 9",8,0.984810345430082,0.112398117603611,0.0597123717296918,0.877945048737597
"318","4 & 9",9,0.984810345430082,0.138361419370133,0.0990853485900845,1.41634052501332
"319","4 & 9",10,0.984810345430082,0.168476838579351,0.131522704081439,1.76979873568538
"320","4 & 10",0,0.984810345430082,0.414236509803185,0.340930076026115,4.13990703817412
"321","4 & 10",1,0.984810345430082,0.452252445984274,0.385884262129616,3.30462055531714
"322","4 & 10",2,0.984810345430082,0.339236423705444,0.260377745027465,2.69094317613476
"323","4 & 10",3,0.984810345430082,0.302624562204929,0.237189013185005,2.9217744264304
"324","4 & 10",4,0.984810345430082,0.281442731141036,0.224808499961635,3.02381816226531
"325","4 & 10",5,0.984810345430082,0.254600058809643,0.177033208934619,1.95554015854737
"326","4 & 10",6,0.984810345430082,0.247430198522355,0.166290495567956,1.52023247307953
"327","4 & 10",7,0.984810345430082,0.203649175429058,0.113520268659726,1.43105944490038
"328","4 & 10",8,0.984810345430082,0.159660174097181,0.0799398216026484,0.99819873759954
"329","4 & 10",9,0.984810345430082,0.215283762541475,0.11885726766868,1.35702355423695
"330","4 & 10",10,0.984810345430082,0.180565213989268,0.119221793960409,1.87927553783263
"331","5 & 6",0,0.94910552449663,0.344276206328081,0.243842876731638,2.91035190500201
"332","5 & 6",1,0.94910552449663,0.27189069694253,0.172864701310665,2.13518112144041
"333","5 & 6",2,0.94910552449663,0.294954931095786,0.203846415742369,2.12527849621791
"334","5 & 6",3,0.94910552449663,0.252744762279453,0.175681237605862,2.17486597235505
"335","5 & 6",4,0.94910552449663,0.188010694815103,0.114161440749962,1.69228733810925
"336","5 & 6",5,0.94910552449663,0.178604495065505,0.0864602851059644,1.25100039001459
"337","5 & 6",6,0.94910552449663,0.117304215781126,-0.0101084736140745,-0.147598073397312
"338","5 & 6",7,0.94910552449663,0.242377812524379,0.182853923683583,2.53040574772046
"339","5 & 6",8,0.94910552449663,0.162456256865495,0.061876053408819,0.757271484311735
"340","5 & 6",9,0.94910552449663,0.156970282540215,0.0788228754357108,1.12677527375219
"341","5 & 6",10,0.94910552449663,0.144340236632027,0.0147514458102605,0.157112423724574
"342","5 & 7",0,0.94910552449663,0.245374676394235,0.189348727457368,2.08312844881371
"343","5 & 7",1,0.94910552449663,0.199891625021286,0.132408445571528,1.57912405651866
"344","5 & 7",2,0.94910552449663,0.151884949444004,0.10159506388515,1.91008090938074
"345","5 & 7",3,0.94910552449663,0.103491919071554,0.052136960828954,1.00539089422635
"346","5 & 7",4,0.94910552449663,0.178309153705022,0.137700476738782,2.50140465869053
"347","5 & 7",5,0.94910552449663,0.303620158331205,0.282816170173599,4.35651087330647
"348","5 & 7",6,0.94910552449663,0.18284272497206,0.122605019733551,1.64219156427038
"349","5 & 7",7,0.94910552449663,0.188726525369648,0.135430462756404,1.80194658085333
"350","5 & 7",8,0.94910552449663,0.136295898002415,0.0554981846511278,0.653926753944721
"351","5 & 7",9,0.94910552449663,0.180819213644461,0.108722095804595,1.3301736345515
"352","5 & 7",10,0.94910552449663,0.162216705045279,0.0857159535981059,1.18485683413509
"353","5 & 8",0,0.94910552449663,0.202080307674939,0.12323329565101,1.62788889916995
"354","5 & 8",1,0.94910552449663,0.223242844733694,0.157774892330867,2.24566373809186
"355","5 & 8",2,0.94910552449663,0.187998274050823,0.123783267955014,1.26818549178639
"356","5 & 8",3,0.94910552449663,0.235053437781642,0.198436153407949,2.83225598598705
"357","5 & 8",4,0.94910552449663,0.212849395729721,0.170578162605345,2.54488594863016
"358","5 & 8",5,0.94910552449663,0.170026241722385,0.112525978901536,1.36573956894002
"359","5 & 8",6,0.94910552449663,0.241304419625765,0.193793490500189,2.58629350963444
"360","5 & 8",7,0.94910552449663,0.153051301999689,0.0855590967417492,1.35294348636682
"361","5 & 8",8,0.94910552449663,0.145978400941555,0.067625281493524,0.800711809076805
"362","5 & 8",9,0.94910552449663,0.227978262865499,0.192194231268946,2.01325618410873
"363","5 & 8",10,0.94910552449663,0.247692272962371,0.208600418164492,2.14055988664611
"364","5 & 9",0,0.94910552449663,0.102402460988498,0.0302721597931526,0.661530883048058
"365","5 & 9",1,0.94910552449663,0.0786147255172516,-0.000445254432806239,-0.00820397043422689
"366","5 & 9",2,0.94910552449663,0.0840236932733709,0.0147488028015825,0.307708566626229
"367","5 & 9",3,0.94910552449663,0.105659255836347,0.0497676986450069,0.85240816549354
"368","5 & 9",4,0.94910552449663,0.0609735217465457,-0.0113546797645464,-0.180714009368807
"369","5 & 9",5,0.94910552449663,0.116203984874534,0.0545473312211832,0.917882543184373
"370","5 & 9",6,0.94910552449663,0.170419609731585,0.124318450715726,1.41743806878586
"371","5 & 9",7,0.94910552449663,0.1456119081313,0.0961888350771688,1.36333074635174
"372","5 & 9",8,0.94910552449663,0.114293203139139,0.0594811748965309,0.96452011183526
"373","5 & 9",9,0.94910552449663,0.148853025288076,0.0956080817919601,1.37366166453726
"374","5 & 9",10,0.94910552449663,0.0803866112399181,-0.00646841931820163,-0.104984619050562
"375","5 & 10",0,0.94910552449663,0.255928687204583,0.173737848144691,1.92508597517934
"376","5 & 10",1,0.94910552449663,0.251434596162794,0.168205811443949,1.69970789962578
"377","5 & 10",2,0.94910552449663,0.27986819106263,0.215791098344398,2.42707147419524
"378","5 & 10",3,0.94910552449663,0.215468504119966,0.155140776895557,1.90449745583964
"379","5 & 10",4,0.94910552449663,0.173825847943466,0.0894645506132614,1.17375314061111
"380","5 & 10",5,0.94910552449663,0.184601028173272,0.0729649370877116,0.880518352129244
"381","5 & 10",6,0.94910552449663,0.177277213483098,0.0786379389999776,0.993860406338317
"382","5 & 10",7,0.94910552449663,0.145242060247504,0.0805372365449303,1.18401599356526
"383","5 & 10",8,0.94910552449663,0.177563211871777,0.0935222670971107,1.17696204718342
"384","5 & 10",9,0.94910552449663,0.209306984927261,0.150756434414015,1.78199511368844
"385","5 & 10",10,0.94910552449663,0.178833218716181,0.0627359351748137,0.792778915829722
"386","6 & 7",0,1.3146769318674,0.326805680380919,0.192549562775321,1.84648315279596
"387","6 & 7",1,1.3146769318674,0.288157010893186,0.143438059141385,1.46794614126842
"388","6 & 7",2,1.3146769318674,0.301799893389902,0.167243658811376,1.7405740138294
"389","6 & 7",3,1.3146769318674,0.256262441091401,0.110956512268542,1.02282720885156
"390","6 & 7",4,1.3146769318674,0.271042519569122,0.170254267454135,1.7783953586203
"391","6 & 7",5,1.3146769318674,0.227165496783931,0.0895421693744907,1.13125238033325
"392","6 & 7",6,1.3146769318674,0.314506170776944,0.229789127414809,2.46694463623709
"393","6 & 7",7,1.3146769318674,0.220149200821562,0.133355608136532,1.94073998250605
"394","6 & 7",8,1.3146769318674,0.16905716634412,0.0396245908437342,0.513791606338845
"395","6 & 7",9,1.3146769318674,0.203408359179132,0.0306439292102909,0.301251565413416
"396","6 & 7",10,1.3146769318674,0.175245958066222,0.029551427009847,0.360346673079635
"397","6 & 8",0,1.3146769318674,0.647742017737258,0.575571970118754,4.51867770320839
"398","6 & 8",1,1.3146769318674,0.39591159078922,0.298203747794949,2.74526422019406
"399","6 & 8",2,1.3146769318674,0.287367852596411,0.135660074557315,1.46865953539493
"400","6 & 8",3,1.3146769318674,0.30027885101678,0.139733235003692,1.63208970955182
"401","6 & 8",4,1.3146769318674,0.32209749762505,0.1994845025488,2.03670825203492
"402","6 & 8",5,1.3146769318674,0.267059871113514,0.142906599004503,1.60576667004912
"403","6 & 8",6,1.3146769318674,0.270070205099522,0.131865010618301,1.35025770908509
"404","6 & 8",7,1.3146769318674,0.227989372117442,0.0996697880932219,1.1539249854643
"405","6 & 8",8,1.3146769318674,0.301919457555509,0.186280879188795,1.64661103440134
"406","6 & 8",9,1.3146769318674,0.195560034381963,0.0530638010744147,0.65204748720211
"407","6 & 8",10,1.3146769318674,0.218385023610501,0.122437677146877,1.46969881867643
"408","6 & 9",0,1.3146769318674,0.284495048437019,0.151907752913406,1.30324340028931
"409","6 & 9",1,1.3146769318674,0.15870895579505,-0.0304461548644748,-0.354375409916811
"410","6 & 9",2,1.3146769318674,0.213785003191643,0.105139444129468,1.30696167408999
"411","6 & 9",3,1.3146769318674,0.214088706794176,0.0745825174695192,0.901734631627704
"412","6 & 9",4,1.3146769318674,0.112761885301797,-0.0418821311101098,-0.804134515224632
"413","6 & 9",5,1.3146769318674,0.135179499219608,-0.0121837265664248,-0.170762897085119
"414","6 & 9",6,1.3146769318674,0.24964626835319,0.151350898475531,1.71360046956054
"415","6 & 9",7,1.3146769318674,0.215605608456382,0.0878465243913543,0.892702764555723
"416","6 & 9",8,1.3146769318674,0.235393623887775,0.117068055727183,1.0734311267085
"417","6 & 9",9,1.3146769318674,0.140998088487047,-0.00347641697233267,-0.0328777978471558
"418","6 & 9",10,1.3146769318674,0.19739284642278,0.0713425646068259,0.743169720132619
"419","6 & 10",0,1.3146769318674,0.450191185896442,0.303485345323708,3.03856103938866
"420","6 & 10",1,1.3146769318674,0.270852773205065,0.0639033295846857,0.59953268241175
"421","6 & 10",2,1.3146769318674,0.280545788455837,0.0952380028729844,1.08818835914801
"422","6 & 10",3,1.3146769318674,0.320477043888646,0.18564919218022,1.89841585897183
"423","6 & 10",4,1.3146769318674,0.288244417643974,0.128640598980186,1.26668826475172
"424","6 & 10",5,1.3146769318674,0.340639340448621,0.189150990825673,1.75083838477716
"425","6 & 10",6,1.3146769318674,0.386758919903594,0.266417244582166,2.41591972992062
"426","6 & 10",7,1.3146769318674,0.288027047305554,0.123080010883828,1.40053047967226
"427","6 & 10",8,1.3146769318674,0.347473680324787,0.214137389408433,2.19463369852939
"428","6 & 10",9,1.3146769318674,0.23881757574287,0.0674636141037037,0.73801313119918
"429","6 & 10",10,1.3146769318674,0.364844286570488,0.241387927547213,2.43953868900484
"430","7 & 8",0,1.06406418134289,0.261580651006866,0.184745422547972,1.94001148906634
"431","7 & 8",1,1.06406418134289,0.292402975395547,0.229036085792696,2.2889206136905
"432","7 & 8",2,1.06406418134289,0.292170002657908,0.206279862060302,2.19961603491858
"433","7 & 8",3,1.06406418134289,0.286623351288907,0.212970100199327,1.81654695826287
"434","7 & 8",4,1.06406418134289,0.18405368772047,0.0590929164305998,0.731579512788015
"435","7 & 8",5,1.06406418134289,0.215982183425104,0.118036292237292,1.50444784160347
"436","7 & 8",6,1.06406418134289,0.161387070097199,0.0323823311569967,0.420699150011581
"437","7 & 8",7,1.06406418134289,0.204319093299145,0.0887933276519808,1.07736442053782
"438","7 & 8",8,1.06406418134289,0.149375674502055,0.0202650430275497,0.269378851315
"439","7 & 8",9,1.06406418134289,0.195594874058135,0.124927695635954,1.55574558892249
"440","7 & 8",10,1.06406418134289,0.200680098902193,0.124582781141371,1.57450079770084
"441","7 & 9",0,1.06406418134289,0.152390516080553,0.064825774559547,0.928856219040584
"442","7 & 9",1,1.06406418134289,0.225172105129368,0.135003760354327,1.8596907804559
"443","7 & 9",2,1.06406418134289,0.10642490968037,0.00510874538220985,0.0788315120831643
"444","7 & 9",3,1.06406418134289,0.193315113360065,0.116734420291683,1.46311230209253
"445","7 & 9",4,1.06406418134289,0.144542658129015,0.0531051100217517,0.904802569194968
"446","7 & 9",5,1.06406418134289,0.134549156103635,0.0380497414244443,0.606490602129819
"447","7 & 9",6,1.06406418134289,0.128797497184385,0.0542559414995914,0.785612258101153
"448","7 & 9",7,1.06406418134289,0.204025186662069,0.131090085680615,1.12729146691994
"449","7 & 9",8,1.06406418134289,0.185163190218905,0.0919917955827634,1.15793002901536
"450","7 & 9",9,1.06406418134289,0.109941113191228,0.0206325559462952,0.317250744124195
"451","7 & 9",10,1.06406418134289,0.203591723367848,0.142612101342083,0.97057421662218
"452","7 & 10",0,1.06406418134289,0.241460983499419,0.1409867634982,2.1568515403443
"453","7 & 10",1,1.06406418134289,0.152545301752284,0.0303591669267925,0.53958790322863
"454","7 & 10",2,1.06406418134289,0.288665109658701,0.189174906544146,1.88893509267664
"455","7 & 10",3,1.06406418134289,0.182187193260887,0.0515612980431692,0.749480650421969
"456","7 & 10",4,1.06406418134289,0.21024677493461,0.104690270395069,1.38436754718265
"457","7 & 10",5,1.06406418134289,0.223508955599577,0.113750824431709,1.42673479840643
"458","7 & 10",6,1.06406418134289,0.236077596222903,0.128080042291501,1.36191630445366
"459","7 & 10",7,1.06406418134289,0.190858314656155,0.0800761727722683,1.04374012638756
"460","7 & 10",8,1.06406418134289,0.347414054630985,0.252332195878722,2.06532793983704
"461","7 & 10",9,1.06406418134289,0.254058980232801,0.141270534643065,1.76220365149015
"462","7 & 10",10,1.06406418134289,0.26571684246401,0.176575258772123,2.18390882548925
"463","8 & 9",0,1.09845240092619,0.225500308668717,0.124755956353856,1.10663356367656
"464","8 & 9",1,1.09845240092619,0.133631403402007,0.0147321448986669,0.181540010338668
"465","8 & 9",2,1.09845240092619,0.155009829196366,0.0718624863176439,1.16098004133408
"466","8 & 9",3,1.09845240092619,0.234794611206454,0.162034715662543,2.20342310977484
"467","8 & 9",4,1.09845240092619,0.142901763016165,0.0488197907858716,0.603455109348246
"468","8 & 9",5,1.09845240092619,0.135106863617532,0.0638038381515629,1.08689145016777
"469","8 & 9",6,1.09845240092619,0.125710152917861,0.050573609207954,0.816688060830997
"470","8 & 9",7,1.09845240092619,0.225619145671654,0.167687043800256,1.76155162606616
"471","8 & 9",8,1.09845240092619,0.19022563222114,0.140050891018438,1.94289462062708
"472","8 & 9",9,1.09845240092619,0.120501480011862,0.0545433218882015,0.732271360235734
"473","8 & 9",10,1.09845240092619,0.141300007685034,0.0890946995881175,1.13667897199995
"474","8 & 10",0,1.09845240092619,0.259496092010422,0.151804769430625,1.72751742475769
"475","8 & 10",1,1.09845240092619,0.200437342303558,0.064507506402239,0.782304915417785
"476","8 & 10",2,1.09845240092619,0.153875550394796,0.0344265391167133,0.507361304036446
"477","8 & 10",3,1.09845240092619,0.235430447912241,0.154242967162946,1.85425089648664
"478","8 & 10",4,1.09845240092619,0.199774012833267,0.093846301477924,1.29140556966625
"479","8 & 10",5,1.09845240092619,0.213270278710443,0.104253675927012,1.42854992815553
"480","8 & 10",6,1.09845240092619,0.272524987853308,0.180400019086088,2.03536296120523
"481","8 & 10",7,1.09845240092619,0.240688619495232,0.171954104425987,2.14754460969613
"482","8 & 10",8,1.09845240092619,0.216071942787981,0.135904814501503,1.53599574120304
"483","8 & 10",9,1.09845240092619,0.162557707131318,0.0561809024363847,0.76244135904603
"484","8 & 10",10,1.09845240092619,0.159746575449544,0.0575962013066515,0.820307712489537
"485","9 & 10",0,0.991829740696067,0.227626092350845,0.124009162699228,1.70911510602769
"486","9 & 10",1,0.991829740696067,0.169955319233314,0.0741140282177159,0.714687225355841
"487","9 & 10",2,0.991829740696067,0.180287408477152,0.0867975958322767,0.965223051165045
"488","9 & 10",3,0.991829740696067,0.250380014386445,0.167119938150795,2.09958421547317
"489","9 & 10",4,0.991829740696067,0.198271609785183,0.123910162146305,1.4597475534168
"490","9 & 10",5,0.991829740696067,0.195527642304656,0.102201154767034,0.879231462443789
"491","9 & 10",6,0.991829740696067,0.132974320384149,0.0361052051982362,0.593431026305982
"492","9 & 10",7,0.991829740696067,0.150503877721193,0.0683827465623966,1.18767320214048
"493","9 & 10",8,0.991829740696067,0.139449910068834,0.0531439943991225,1.05643045212032
"494","9 & 10",9,0.991829740696067,0.163043080493888,0.0981144067657684,1.42395976598432
"495","9 & 10",10,0.991829740696067,0.090495434516277,0.0183190238800399,0.322980728837897
